ID,embB_D328Y,embB_D354A,embB_G406A,embB_G406C,embB_G406D,embB_G406S,embB_M306I,embB_M306L,embB_M306V,embB_Q445R,embB_Q497R,embB_Y319S,fabG1_c-15t,fabG1_g-17t,fabG1_t-8a,fabG1_t-8c,gyrA_A90V,gyrA_D94A,gyrA_D94G,gyrA_D94H,gyrA_D94N,gyrA_D94Y,gyrA_G88C,gyrA_S91P,katG_S315N,katG_S315T,katG_a-6g,rpoB_1288_indel,rpoB_D435F,rpoB_D435G,rpoB_D435V,rpoB_D435Y,rpoB_H445C,rpoB_H445D,rpoB_H445L,rpoB_H445R,rpoB_H445Y,rpoB_I491F,rpoB_L452P,rpoB_Q432K,rpoB_Q432P,rpoB_S450F,rpoB_S450L,rpoB_S450W,rpoB_V170F,rrs_a1401g,rrs_g1484t
A001,,,0,,0,0,0,0,0,,0,,0,,,,0,,,,,,,0,0,0,,,,0,0,0,,0,0,0,0,,0,,,,0,,0,0,
A002,,,0,,0,0,0,0,0,,0,,0,,,,0,,,,,,,0,0,1,,,,0,0,0,,0,0,0,0,,0,,,,1,,0,0,
A003,,,0,,0,0,0,0,0,,0,,0,,,,0,,,,,,,0,0,0,,,,0,0,0,,0,0,0,0,,0,,,,0,,0,0,
A004,,,0,,0,0,0,0,0,,0,,0,,,,0,,,,,,,0,0,0,,,,0,0,0,,0,0,0,0,,0,,,,0,,0,0,
A005,,,0,,0,0,0,0,0,,0,,0,,,,0,,,,,,,0,0,0,,,,0,0,0,,0,0,0,0,,0,,,,0,,0,0,
A006,,,0,,0,0,0,0,1,,0,,0,,,,0,,,,,,,0,0,1,,,,0,0,0,,0,0,0,0,,0,,,,1,,0,0,
A007,,,0,,0,0,0,0,0,,0,,0,,,,0,,,,,,,0,0,0,,,,0,0,0,,0,0,0,0,,0,,,,0,,0,0,
A008,,,0,,0,0,0,0,0,,0,,0,,,,0,,,,,,,0,0,0,,,,0,0,0,,0,0,0,0,,0,,,,0,,0,0,
A009,,,1,,0,0,0,0,0,,0,,0,,,,0,,,,,,,1,0,1,,,,0,0,0,,0,0,0,0,,1,,,,0,,0,0,
A010,,,0,,0,0,0,0,0,,0,,0,,,,0,,,,,,,0,0,0,,,,0,0,0,,0,0,0,0,,0,,,,0,,0,0,
A011,,,0,,0,0,0,0,0,,0,,0,,,,0,,,,,,,0,0,0,,,,0,0,0,,0,0,0,0,,0,,,,0,,0,0,
A012,,,0,,0,0,0,0,0,,0,,0,,,,0,,,,,,,0,0,0,,,,0,0,0,,0,0,0,0,,0,,,,0,,0,0,
A013,,,0,,1,0,0,0,0,,0,,0,,,,0,,,,,,,0,0,1,,,,0,0,0,,0,0,0,0,,0,,,,1,,0,0,
A014,,,0,,0,0,0,0,0,,0,,0,,,,0,,,,,,,0,0,1,,,,0,0,0,,0,0,0,0,,0,,,,0,,0,0,
A015,,,0,,0,0,0,0,0,,0,,0,,,,0,,,,,,,0,0,0,,,,0,0,0,,0,0,0,0,,0,,,,0,,0,0,
A016,,,0,,0,0,0,0,0,,0,,0,,,,0,,,,,,,0,0,1,,,,0,0,0,,0,0,0,0,,0,,,,0,,0,0,
A017,,,0,,1,0,0,0,0,,0,,0,,,,0,,,,,,,0,0,1,,,,0,0,0,,0,0,0,0,,0,,,,1,,0,0,
A018,,,0,,0,0,0,0,0,,0,,0,,,,0,,,,,,,0,0,1,,,,0,0,1,,0,0,0,0,,0,,,,0,,0,0,
A019,,,1,,0,0,0,0,0,,0,,0,,,,1,,,,,,,0,0,1,,,,0,0,0,,0,0,0,0,,1,,,,0,,0,0,
A020,,,0,,0,0,0,0,0,,1,,0,,,,0,,,,,,,0,0,1,,,,0,0,0,,0,0,0,0,,0,,,,1,,0,0,
A021,,,0,,0,0,1,0,0,,0,,0,,,,0,,,,,,,0,0,1,,,,0,0,0,,0,0,0,0,,0,,,,1,,0,0,
A022,,,0,,0,0,0,0,0,,0,,0,,,,0,,,,,,,0,0,1,,,,0,0,1,,0,0,0,0,,0,,,,0,,0,0,
A023,,,0,,0,0,0,0,1,,0,,0,,,,0,,,,,,,0,0,1,,,,0,0,0,,0,0,0,0,,0,,,,1,,0,1,
A024,,,0,,0,0,1,0,0,,0,,0,,,,0,,,,,,,0,0,1,,,,0,0,0,,0,0,0,0,,0,,,,1,,0,0,
A025,,,0,,0,0,0,0,1,,0,,0,,,,0,,,,,,,0,0,1,,,,0,0,0,,0,0,0,0,,0,,,,0,,0,0,
A026,,,0,,0,0,0,0,0,,0,,0,,,,0,,,,,,,0,0,0,,,,0,0,0,,0,0,0,0,,0,,,,0,,0,0,
A027,,,0,,0,0,1,0,0,,0,,0,,,,0,,,,,,,0,0,1,,,,1,0,0,,0,0,0,0,,0,,,,0,,0,0,
A028,,,0,,0,0,0,0,0,,0,,0,,,,0,,,,,,,0,0,0,,,,0,0,0,,0,0,0,0,,0,,,,0,,0,0,
A029,,,0,,0,0,0,0,0,,0,,0,,,,0,,,,,,,0,0,0,,,,0,0,0,,0,0,0,0,,0,,,,0,,0,0,
A030,,,0,,0,0,0,0,0,,0,,0,,,,0,,,,,,,0,0,0,,,,0,0,0,,0,0,0,0,,0,,,,0,,0,0,
A031,,,0,,0,0,0,0,0,,0,,0,,,,0,,,,,,,0,0,0,,,,0,0,0,,0,0,0,0,,0,,,,0,,0,0,
A032,,,0,,0,0,0,0,0,,0,,0,,,,0,,,,,,,0,0,0,,,,0,0,0,,0,0,0,0,,0,,,,0,,0,0,
A033,,,1,,0,0,0,0,0,,0,,0,,,,0,,,,,,,0,0,1,,,,0,0,0,,0,0,0,0,,1,,,,0,,0,0,
A034,,,0,,0,0,0,0,0,,0,,0,,,,0,,,,,,,0,0,0,,,,0,0,0,,0,0,0,0,,0,,,,0,,0,0,
A035,,,0,,0,0,0,0,0,,0,,0,,,,0,,,,,,,0,0,0,,,,0,0,0,,0,0,0,0,,0,,,,0,,0,0,
A036,,,0,,1,0,0,0,0,,0,,0,,,,0,,,,,,,0,0,1,,,,0,0,0,,0,0,0,0,,0,,,,1,,0,0,
A037,,,0,,0,0,0,0,0,,0,,0,,,,0,,,,,,,0,0,0,,,,0,0,0,,0,0,0,0,,0,,,,0,,0,0,
A038,,,0,,0,0,0,0,0,,1,,0,,,,0,,,,,,,0,0,1,,,,0,0,1,,0,0,0,0,,0,,,,0,,0,0,
A039,,,0,,0,0,0,0,0,,0,,0,,,,0,,,,,,,0,0,0,,,,0,0,0,,0,0,0,0,,0,,,,0,,0,0,
A040,,,0,,0,0,0,0,0,,0,,0,,,,0,,,,,,,0,0,0,,,,0,0,0,,0,0,0,0,,0,,,,0,,0,0,
A041,,,0,,0,0,0,0,0,,0,,0,,,,0,,,,,,,0,0,0,,,,0,0,0,,0,0,0,0,,0,,,,0,,0,0,
A043,,,0,,0,0,0,0,0,,0,,0,,,,0,,,,,,,0,0,0,,,,0,0,0,,0,0,0,0,,0,,,,0,,0,0,
A044,,,0,,0,0,0,0,0,,0,,0,,,,0,,,,,,,0,0,0,,,,0,0,0,,0,0,0,0,,0,,,,0,,0,0,
A045,,,0,,0,0,0,0,0,,0,,0,,,,0,,,,,,,0,0,0,,,,0,0,0,,0,0,0,0,,0,,,,0,,0,0,
A046,,,0,,0,0,0,0,0,,0,,0,,,,1,,,,,,,0,0,0,,,,0,0,0,,0,0,0,0,,0,,,,0,,0,0,
A047,,,0,,0,0,0,0,0,,0,,0,,,,0,,,,,,,0,0,0,,,,0,0,0,,0,0,0,0,,0,,,,0,,0,0,
A048,,,0,,0,0,0,0,0,,0,,0,,,,0,,,,,,,0,0,0,,,,0,0,0,,0,0,0,0,,0,,,,0,,0,0,
A049,,,0,,0,0,0,0,0,,0,,0,,,,0,,,,,,,0,0,0,,,,0,0,0,,0,0,0,0,,0,,,,0,,0,0,
A050,,,0,,0,0,0,0,0,,0,,0,,,,0,,,,,,,0,0,0,,,,0,0,0,,0,0,0,0,,0,,,,0,,0,0,
A051,,,0,,0,0,0,0,0,,1,,1,,,,0,,,,,,,0,0,0,,,,0,0,0,,0,0,0,0,,0,,,,1,,0,0,
A053,,,0,,0,0,0,0,0,,0,,0,,,,0,,,,,,,0,0,0,,,,0,0,0,,0,0,0,0,,0,,,,0,,0,0,
A054,,,0,,0,0,0,0,0,,0,,0,,,,0,,,,,,,0,0,0,,,,0,0,0,,0,0,0,0,,0,,,,0,,0,0,
A055,,,0,,0,0,0,0,0,,0,,0,,,,0,,,,,,,0,0,0,,,,0,0,0,,0,0,0,0,,0,,,,0,,0,0,
A056,,,0,,1,0,0,0,0,,0,,0,,,,0,,,,,,,0,0,1,,,,0,0,0,,0,0,0,0,,0,,,,1,,0,0,
A057,,,0,,0,0,0,0,0,,0,,0,,,,0,,,,,,,0,0,0,,,,0,0,0,,0,0,0,0,,0,,,,0,,0,0,
A058,,,0,,0,0,0,0,0,,0,,0,,,,0,,,,,,,0,0,0,,,,0,0,0,,0,0,0,0,,0,,,,0,,0,0,
A060,,,0,,0,0,0,0,0,,0,,0,,,,0,,,,,,,0,0,0,,,,0,0,0,,0,0,0,0,,0,,,,0,,0,0,
A061,,,0,,0,0,0,0,0,,0,,0,,,,0,,,,,,,0,0,0,,,,0,0,0,,0,0,0,0,,0,,,,0,,0,0,
A062,,,0,,0,0,0,0,0,,0,,0,,,,0,,,,,,,0,0,0,,,,0,0,0,,0,0,0,0,,0,,,,0,,0,0,
A063,,,0,,0,0,0,0,0,,0,,0,,,,0,,,,,,,0,0,0,,,,0,0,0,,0,0,0,0,,0,,,,0,,0,0,
A064,,,0,,0,0,0,0,0,,0,,0,,,,0,,,,,,,0,0,0,,,,0,0,0,,0,0,0,0,,0,,,,0,,0,0,
A065,,,0,,0,0,0,0,0,,0,,0,,,,0,,,,,,,0,0,0,,,,0,0,0,,0,0,0,0,,0,,,,0,,0,0,
A066,,,0,,0,0,1,0,0,,0,,0,,,,0,,,,,,,0,0,1,,,,0,0,0,,0,0,0,0,,0,,,,0,,0,0,
A067,,,0,,0,0,0,0,0,,0,,0,,,,0,,,,,,,0,0,0,,,,0,0,0,,0,0,0,0,,0,,,,0,,0,0,
A069,,,0,,0,0,0,0,0,,0,,0,,,,0,,,,,,,0,0,0,,,,0,0,0,,0,0,0,0,,0,,,,0,,0,0,
A070,,,0,,0,0,0,0,0,,0,,0,,,,0,,,,,,,0,0,0,,,,0,0,0,,0,0,0,0,,0,,,,0,,0,0,
A071,,,0,,0,0,0,0,0,,0,,0,,,,0,,,,,,,0,0,0,,,,0,0,0,,0,0,0,0,,0,,,,0,,0,0,
A072,,,0,,0,0,0,0,0,,0,,0,,,,0,,,,,,,0,0,0,,,,0,0,0,,0,1,0,0,,0,,,,0,,0,0,
A074,,,0,,0,0,0,0,0,,0,,0,,,,0,,,,,,,0,0,0,,,,0,0,0,,0,0,0,0,,0,,,,0,,0,0,
A075,,,0,,0,0,0,0,0,,0,,0,,,,0,,,,,,,0,0,0,,,,0,0,0,,0,0,0,0,,0,,,,0,,0,0,
A076,,,0,,0,0,0,0,0,,0,,0,,,,0,,,,,,,0,0,0,,,,0,0,0,,0,0,0,0,,0,,,,0,,0,0,
A078,,,0,,0,0,0,0,1,,0,,0,,,,0,,,,,,,0,0,1,,,,0,0,0,,0,0,0,0,,0,,,,0,,0,0,
A080,,,0,,0,0,1,0,0,,0,,0,,,,0,,,,,,,0,0,1,,,,0,0,0,,0,0,0,0,,0,,,,1,,0,0,
B001,,,1,,0,0,0,0,0,,0,,1,,,,1,,,,,,,0,0,0,,,,0,0,0,,0,0,0,0,,0,,,,1,,0,0,
B002,,,0,,0,0,0,0,1,,0,,0,,,,1,,,,,,,0,0,1,,,,0,0,0,,0,0,0,0,,1,,,,0,,0,1,
B003,,,0,,0,0,1,0,0,,0,,0,,,,1,,,,,,,0,0,1,,,,0,0,1,,0,0,0,0,,0,,,,0,,0,0,
B004,,,0,,0,0,0,0,1,,0,,0,,,,1,,,,,,,0,0,1,,,,0,0,0,,0,0,0,0,,1,,,,0,,0,1,
B005,,,0,,0,0,0,0,0,,0,,1,,,,0,,,,,,,0,0,0,,,,0,0,0,,0,0,0,0,,0,,,,0,,0,0,
B006,,,0,,0,0,0,0,0,,0,,0,,,,0,,,,,,,0,0,0,,,,0,0,0,,0,0,0,0,,0,,,,0,,0,0,
B007,,,0,,0,0,0,0,0,,0,,0,,,,0,,,,,,,0,0,0,,,,0,0,0,,0,0,0,0,,0,,,,0,,0,0,
B008,,,0,,0,0,0,0,0,,0,,0,,,,0,,,,,,,0,0,1,,,,0,0,0,,0,0,0,0,,0,,,,1,,0,0,
B009,,,0,,0,0,0,0,0,,0,,0,,,,0,,,,,,,0,0,1,,,,0,0,0,,0,0,0,0,,0,,,,1,,0,0,
B012,,,0,,0,0,0,0,0,,0,,1,,,,0,,,,,,,0,0,0,,,,0,0,0,,0,0,0,0,,0,,,,1,,0,0,
B013,,,0,,0,0,1,0,0,,0,,0,,,,0,,,,,,,0,0,1,,,,0,0,0,,0,0,0,0,,0,,,,1,,0,0,
B014,,,0,,0,0,1,0,0,,0,,0,,,,0,,,,,,,0,0,1,,,,0,0,0,,0,0,0,0,,0,,,,1,,0,0,
B015,,,0,,0,0,0,0,0,,0,,0,,,,0,,,,,,,1,0,1,,,,0,0,0,,0,0,0,0,,0,,,,0,,0,0,
B016,,,0,,0,0,0,0,0,,0,,0,,,,0,,,,,,,1,0,1,,,,0,0,0,,0,0,0,0,,0,,,,0,,0,0,
B017,,,1,,0,0,0,0,0,,0,,1,,,,1,,,,,,,0,0,0,,,,0,0,0,,0,0,0,0,,0,,,,1,,0,0,
B018,,,0,,0,0,0,0,0,,0,,0,,,,0,,,,,,,0,0,0,,,,0,0,0,,0,0,0,0,,0,,,,0,,0,0,
B020,,,0,,0,0,0,0,1,,0,,0,,,,0,,,,,,,0,0,1,,,,0,0,0,,0,0,0,0,,0,,,,1,,0,1,
B021,,,0,,0,0,1,0,0,,0,,1,,,,1,,,,,,,0,0,1,,,,0,0,0,,0,0,0,0,,0,,,,1,,0,1,
B022,,,0,,0,0,1,0,0,,0,,1,,,,1,,,,,,,0,0,1,,,,0,0,0,,0,0,0,0,,0,,,,1,,0,1,
B023,,,0,,0,0,0,0,0,,0,,0,,,,0,,,,,,,0,0,1,,,,0,0,0,,0,0,0,1,,0,,,,0,,0,1,
B024,,,0,,0,0,1,0,0,,0,,0,,,,0,,,,,,,0,0,1,,,,0,0,0,,0,0,0,0,,0,,,,1,,0,0,
B025,,,1,,0,0,0,0,0,,0,,1,,,,1,,,,,,,0,0,0,,,,0,0,0,,0,0,0,0,,0,,,,1,,0,0,
B026,,,0,,0,0,0,0,1,,0,,1,,,,0,,,,,,,1,0,1,,,,0,0,0,,0,0,0,0,,0,,,,1,,0,1,
B027,,,1,,0,0,0,0,0,,0,,1,,,,1,,,,,,,0,0,1,,,,0,0,0,,0,0,1,0,,0,,,,0,,0,0,
B028,,,0,,0,0,0,0,1,,0,,0,,,,0,,,,,,,0,0,1,,,,0,0,0,,0,0,0,0,,0,,,,1,,0,1,
B029,,,0,,0,0,1,0,0,,0,,0,,,,1,,,,,,,0,0,1,,,,0,0,0,,0,0,0,0,,0,,,,1,,0,0,
B030,,,0,,0,0,0,0,0,,0,,0,,,,0,,,,,,,0,0,1,,,,0,0,0,,0,0,0,0,,0,,,,1,,0,0,
B031,,,0,,0,0,0,0,1,,0,,0,,,,0,,,,,,,0,0,1,,,,0,0,0,,0,0,0,0,,0,,,,1,,0,1,
B034,,,0,,0,0,0,0,0,,0,,0,,,,0,,,,,,,0,0,1,,,,0,0,0,,0,0,0,0,,0,,,,1,,0,0,
B035,,,0,,0,0,0,0,0,,0,,0,,,,0,,,,,,,0,0,0,,,,0,0,0,,0,0,0,0,,0,,,,0,,0,0,
B036,,,0,,0,0,0,0,1,,0,,1,,,,0,,,,,,,1,0,1,,,,0,0,0,,0,0,0,0,,0,,,,1,,0,1,
B037,,,0,,0,0,0,0,1,,0,,0,,,,0,,,,,,,0,0,1,,,,0,0,0,,0,0,0,0,,0,,,,0,,1,0,
B038,,,0,,0,0,0,0,1,,0,,0,,,,0,,,,,,,0,0,1,,,,0,0,0,,0,0,0,0,,0,,,,1,,0,0,
B039,,,1,,0,0,0,0,0,,0,,1,,,,1,,,,,,,0,0,0,,,,0,0,0,,0,0,0,0,,0,,,,1,,0,0,
B040,,,0,,0,0,0,0,0,,0,,0,,,,0,,,,,,,0,0,0,,,,0,0,0,,0,0,0,0,,0,,,,0,,0,0,
B041,,,0,,0,0,1,0,0,,0,,0,,,,0,,,,,,,0,0,1,,,,0,0,0,,0,0,0,0,,0,,,,1,,0,0,
B042,,,0,,0,0,0,0,0,,0,,0,,,,0,,,,,,,0,0,1,,,,0,0,0,,0,0,0,0,,0,,,,1,,0,0,
B043,,,0,,0,0,0,0,1,,0,,0,,,,0,,,,,,,0,0,1,,,,0,0,0,,0,0,0,0,,0,,,,0,,1,0,
B044,,,0,,0,1,0,0,0,,0,,0,,,,0,,,,,,,0,0,1,,,,0,0,0,,0,0,0,0,,0,,,,0,,0,0,
B045,,,0,,0,1,0,0,0,,0,,0,,,,0,,,,,,,0,0,1,,,,0,0,0,,0,0,0,0,,0,,,,0,,0,0,
B046,,,0,,0,0,0,0,0,,0,,0,,,,0,,,,,,,0,0,1,,,,0,0,0,,0,0,0,0,,0,,,,1,,0,0,
B047,,,0,,0,0,0,0,0,,0,,0,,,,0,,,,,,,0,0,1,,,,0,0,0,,0,0,0,0,,0,,,,1,,0,0,
B048,,,0,,0,0,0,0,0,,0,,0,,,,0,,,,,,,0,0,0,,,,0,0,0,,0,0,0,0,,0,,,,0,,0,0,
B049,,,0,,0,0,0,0,0,,0,,0,,,,0,,,,,,,0,0,0,,,,0,0,0,,0,0,0,0,,0,,,,0,,0,0,
B050,,,0,,0,0,0,0,0,,0,,0,,,,0,,,,,,,0,0,0,,,,0,0,0,,0,0,0,0,,0,,,,0,,0,0,
B051,,,0,,0,0,0,0,0,,0,,0,,,,0,,,,,,,0,0,0,,,,0,0,0,,0,0,0,0,,0,,,,0,,0,0,
B052,,,0,,0,0,0,0,1,,0,,0,,,,0,,,,,,,0,0,1,,,,0,0,0,,0,0,0,0,,0,,,,0,,0,0,
B053,,,0,,0,0,0,0,0,,0,,0,,,,0,,,,,,,0,0,0,,,,0,0,0,,0,0,0,0,,0,,,,0,,0,0,
B054,,,0,,0,0,0,0,0,,0,,0,,,,0,,,,,,,0,0,1,,,,0,0,0,,0,0,0,0,,0,,,,0,,0,0,
B055,,,0,,0,0,0,1,0,,0,,0,,,,0,,,,,,,0,0,1,,,,0,0,0,,0,0,0,0,,0,,,,1,,0,0,
B056,,,0,,0,0,0,0,0,,0,,0,,,,0,,,,,,,0,0,1,,,,0,0,0,,0,0,0,0,,0,,,,1,,0,0,
B057,,,0,,0,0,0,0,0,,0,,0,,,,0,,,,,,,0,0,1,,,,0,0,0,,0,0,0,0,,0,,,,1,,0,0,
B058,,,1,,0,0,0,0,0,,0,,0,,,,0,,,,,,,0,0,0,,,,0,0,0,,0,0,0,0,,0,,,,1,,0,0,
B059,,,0,,0,0,0,0,0,,0,,0,,,,0,,,,,,,0,0,1,,,,0,0,0,,0,0,0,0,,0,,,,1,,0,1,
B060,,,0,,1,0,0,0,0,,0,,0,,,,0,,,,,,,0,0,1,,,,0,0,0,,0,0,0,0,,0,,,,1,,0,1,
B061,,,0,,0,0,0,0,0,,0,,1,,,,0,,,,,,,0,0,0,,,,0,0,0,,0,0,0,0,,0,,,,1,,0,0,
B062,,,0,,0,0,0,0,0,,0,,0,,,,0,,,,,,,0,0,0,,,,0,0,0,,1,0,0,0,,0,,,,0,,0,0,
B063,,,0,,0,0,0,0,0,,0,,0,,,,0,,,,,,,1,0,1,,,,0,0,0,,0,0,0,0,,0,,,,0,,0,0,
B064,,,0,,0,0,0,0,0,,0,,0,,,,0,,,,,,,1,0,1,,,,0,0,0,,0,0,0,0,,0,,,,0,,0,0,
B065,,,0,,0,0,1,0,0,,0,,0,,,,0,,,,,,,0,1,0,,,,0,1,0,,0,0,0,0,,0,,,,0,,0,1,
B066,,,0,,0,0,0,0,0,,0,,0,,,,0,,,,,,,0,0,1,,,,0,0,0,,0,0,0,0,,0,,,,1,,0,1,
B067,,,0,,0,0,0,0,1,,0,,0,,,,0,,,,,,,0,0,1,,,,0,0,0,,0,0,0,0,,0,,,,1,,0,0,
B068,,,0,,0,0,0,0,0,,0,,0,,,,0,,,,,,,0,0,0,,,,0,0,0,,0,0,0,0,,0,,,,0,,0,0,
B069,,,0,,0,0,0,0,1,,0,,0,,,,0,,,,,,,0,0,1,,,,0,0,0,,0,0,0,0,,0,,,,1,,0,1,
B070,,,0,,0,0,0,0,1,,0,,1,,,,1,,,,,,,0,0,1,,,,0,0,0,,0,0,0,1,,0,,,,0,,0,0,
B071,,,0,,0,0,0,0,0,,0,,0,,,,0,,,,,,,0,0,1,,,,0,1,0,,0,0,0,0,,0,,,,0,,0,0,
B072,,,0,,0,0,0,0,1,,0,,1,,,,0,,,,,,,1,0,1,,,,0,0,0,,0,0,0,0,,0,,,,0,,0,0,
B073,,,0,,0,0,0,0,1,,0,,0,,,,0,,,,,,,0,0,1,,,,0,0,0,,0,0,0,0,,0,,,,1,,0,0,
B074,,,0,,0,0,0,0,1,,0,,0,,,,0,,,,,,,0,0,1,,,,0,0,0,,0,0,0,0,,0,,,,0,,0,0,
B075,,,0,,0,0,0,0,0,,0,,0,,,,0,,,,,,,0,0,0,,,,1,0,0,,0,0,0,0,,0,,,,0,,0,0,
B077,,,0,,0,0,0,0,0,,0,,0,,,,0,,,,,,,0,0,1,,,,0,0,0,,0,0,0,0,,0,,,,0,,0,0,
B078,,,1,,0,0,0,0,0,,0,,0,,,,0,,,,,,,0,0,1,,,,0,0,0,,0,0,0,0,,0,,,,0,,0,0,
B079,,,0,,0,0,0,0,0,,0,,0,,,,0,,,,,,,0,0,1,,,,0,0,0,,0,0,0,0,,0,,,,1,,0,0,
B080,,,0,,0,0,0,0,1,,0,,0,,,,0,,,,,,,0,0,1,,,,0,0,0,,0,0,0,1,,0,,,,0,,0,0,
B081,,,0,,0,0,0,0,0,,0,,1,,,,0,,,,,,,0,0,0,,,,0,0,0,,0,0,0,0,,0,,,,1,,0,0,
B082,,,0,,0,0,0,0,0,,0,,0,,,,0,,,,,,,0,0,1,,,,0,0,0,,0,0,0,0,,0,,,,0,,0,0,
B083,,,0,,0,0,0,0,0,,0,,0,,,,0,,,,,,,0,0,0,,,,0,0,0,,0,0,0,1,,0,,,,0,,0,0,
B084,,,0,,0,0,0,0,0,,0,,0,,,,0,,,,,,,0,0,0,,,,0,0,0,,0,0,0,0,,0,,,,0,,0,0,
B085,,,0,,0,0,0,0,0,,0,,0,,,,0,,,,,,,0,0,1,,,,0,0,0,,0,1,0,0,,0,,,,0,,0,0,
B086,,,0,,0,0,0,0,1,,0,,0,,,,0,,,,,,,0,0,1,,,,0,0,0,,0,0,0,0,,0,,,,1,,0,0,
B087,,,0,,0,0,1,0,0,,0,,0,,,,0,,,,,,,0,0,1,,,,0,0,0,,0,0,0,0,,0,,,,1,,0,0,
B088,,,0,,0,0,0,0,0,,0,,0,,,,0,,,,,,,0,0,0,,,,0,0,0,,0,0,0,0,,0,,,,0,,0,0,
B089,,,0,,0,0,0,0,0,,0,,0,,,,0,,,,,,,0,0,1,,,,0,0,0,,0,0,0,0,,0,,,,0,,0,0,
B090,,,1,,0,0,0,0,0,,0,,0,,,,0,,,,,,,0,0,1,,,,0,0,1,,0,0,0,0,,0,,,,0,,0,0,
B091,,,0,,0,0,1,0,0,,0,,0,,,,0,,,,,,,0,0,1,,,,0,0,0,,0,0,0,0,,0,,,,1,,0,0,
B092,,,0,,0,0,0,0,0,,0,,0,,,,0,,,,,,,0,0,1,,,,0,0,0,,0,1,0,0,,0,,,,0,,0,0,
B093,,,0,,0,0,0,0,0,,0,,0,,,,0,,,,,,,0,0,0,,,,0,0,0,,0,0,0,0,,0,,,,0,,0,0,
B094,,,0,,0,0,0,0,0,,0,,0,,,,0,,,,,,,0,0,1,,,,0,0,0,,0,0,0,0,,0,,,,1,,0,0,
B095,,,0,,0,0,1,0,0,,0,,0,,,,0,,,,,,,0,0,0,,,,0,0,1,,0,0,0,0,,0,,,,0,,0,0,
B096,,,0,,0,0,1,0,0,,0,,1,,,,0,,,,,,,0,0,0,,,,0,0,0,,0,0,0,0,,0,,,,1,,0,0,
B097,,,0,,0,0,1,0,0,,0,,1,,,,0,,,,,,,0,0,0,,,,0,0,0,,0,0,0,0,,0,,,,1,,0,0,
B098,,,0,,0,0,0,0,0,,0,,0,,,,0,,,,,,,0,0,1,,,,0,0,0,,0,0,0,0,,0,,,,1,,0,0,
B099,,,0,,0,0,1,0,0,,0,,0,,,,0,,,,,,,0,0,1,,,,0,0,0,,0,0,0,0,,0,,,,1,,0,0,
B100,,,0,,0,0,1,0,0,,0,,0,,,,0,,,,,,,0,0,1,,,,0,0,0,,0,0,0,0,,0,,,,1,,0,0,
B101,,,0,,0,0,1,0,0,,0,,0,,,,0,,,,,,,0,0,1,,,,0,0,0,,0,0,0,0,,0,,,,1,,0,0,
DR10107,0,0,0,0,0,0,0,0,0,0,0,0,0,0,0,0,0,0,0,0,0,0,0,0,0,1,0,0,0,0,0,0,0,0,0,0,0,0,1,0,0,0,0,0,0,0,0
DR10133,0,0,0,0,0,0,0,0,0,0,0,0,0,0,0,0,0,0,0,0,0,0,0,0,0,1,0,0,0,0,0,0,0,0,0,0,0,0,0,0,0,0,0,0,0,0,0
DR10138,0,0,0,0,0,0,0,0,0,0,0,0,0,0,0,0,0,0,0,0,0,0,0,0,0,0,0,0,0,0,0,0,0,0,0,0,0,0,0,0,0,0,0,0,0,0,0
DR10181,0,0,0,0,0,0,1,0,0,0,0,0,0,0,0,0,0,0,0,0,0,0,0,0,1,0,0,0,0,0,0,0,0,0,1,0,0,0,0,0,0,0,0,0,0,0,0
DR10309,0,0,0,0,0,0,0,0,0,0,0,0,0,0,0,0,0,0,0,0,0,0,0,0,0,0,0,0,0,0,0,0,0,0,0,0,0,0,0,0,0,0,0,0,0,0,0
DR10328,0,0,0,0,0,0,0,0,0,0,0,0,0,0,0,0,0,0,0,0,0,0,0,0,0,0,0,0,0,0,0,0,0,0,0,0,0,0,0,0,0,0,0,0,0,0,0
DR10410,0,0,0,0,0,0,0,0,0,0,0,0,0,0,0,0,0,0,0,0,0,0,0,0,0,0,0,0,0,0,0,0,0,0,0,0,0,0,0,0,0,0,0,0,0,0,0
DR10431,0,0,1,0,0,0,0,0,0,0,0,0,0,0,0,0,0,0,0,0,0,0,0,0,0,0,0,0,0,0,0,0,0,0,0,0,0,0,0,0,0,0,1,0,0,0,0
DR10448,0,0,0,0,0,0,0,0,1,0,0,0,0,0,0,0,0,0,0,0,0,0,0,0,0,1,0,0,0,0,0,0,0,0,0,0,0,0,0,0,0,0,1,0,0,0,0
DR10452,0,0,0,0,0,0,1,0,0,0,0,0,0,0,0,0,0,0,0,0,0,0,0,0,0,0,0,0,0,0,0,0,0,0,0,0,0,0,0,0,0,0,1,0,0,0,0
DR10454,0,0,0,0,0,0,0,0,0,0,0,0,0,0,0,0,0,0,0,0,0,0,0,0,1,0,0,0,0,0,0,0,0,0,0,0,1,0,0,0,0,0,0,0,0,0,0
DR10456,0,0,0,0,0,0,0,0,0,0,0,0,0,0,0,0,0,0,0,0,0,0,0,0,1,0,0,0,0,0,0,0,0,0,0,0,1,0,0,0,0,0,0,0,0,0,0
DR1106,0,0,0,0,0,0,0,0,0,0,0,0,0,0,0,0,0,0,0,0,0,0,0,0,0,1,0,0,0,0,0,0,0,0,0,0,0,0,0,0,0,0,0,0,0,0,0
DR11110,0,0,0,0,0,0,0,0,0,0,0,0,0,0,0,0,0,0,0,0,0,0,0,0,0,0,0,0,0,0,0,0,0,0,0,0,0,0,0,0,0,0,0,0,1,0,0
DR11125,0,0,0,0,0,0,0,0,0,0,0,0,0,0,0,0,0,0,0,0,0,0,0,0,0,1,0,0,0,0,0,0,0,0,0,0,0,0,0,0,0,0,1,0,0,0,0
DR11166,0,0,0,0,0,0,0,0,0,0,0,0,0,0,0,0,0,0,0,0,0,0,0,0,0,0,0,0,0,0,0,0,0,0,0,0,0,0,0,0,0,0,0,0,0,0,0
DR11168,1,0,0,0,0,0,0,0,0,0,0,0,0,0,0,0,0,0,0,0,0,0,0,0,0,0,0,0,0,0,0,0,0,0,0,0,0,0,0,0,0,0,1,0,0,0,0
DR11171,0,0,0,0,0,0,0,0,0,0,0,0,0,0,0,0,0,0,0,0,0,0,0,0,0,0,0,0,0,0,0,0,0,0,0,0,0,0,0,0,0,0,0,0,0,0,0
DR11220,0,0,0,0,0,0,0,0,0,0,0,0,0,0,0,0,0,0,0,0,0,0,0,0,0,1,0,0,0,0,0,0,0,0,0,0,1,0,0,0,0,0,0,0,0,0,0
DR11239,0,0,0,0,0,0,0,0,0,0,0,0,0,0,0,0,0,0,0,0,0,0,0,0,0,1,0,0,0,0,1,0,0,0,0,0,0,0,0,0,0,0,0,0,0,0,0
DR11244,0,0,0,0,0,0,0,0,0,0,0,0,0,0,0,0,0,0,0,0,0,0,0,0,0,0,0,0,0,0,0,0,0,0,0,0,0,0,0,0,0,0,0,0,0,0,0
DR11263,0,0,0,0,0,0,0,0,0,0,0,0,0,0,0,0,0,0,0,0,0,0,0,0,0,1,0,0,0,0,0,0,0,0,0,0,1,0,0,0,0,0,0,0,0,0,0
DR11277,0,0,0,0,0,0,0,0,0,0,0,0,1,0,0,0,0,0,0,0,0,0,0,0,0,0,0,0,0,0,0,0,0,0,0,0,1,0,0,0,0,0,0,0,0,0,0
DR11278,0,0,0,0,0,0,0,0,0,0,0,0,0,0,0,0,0,0,0,0,0,0,0,0,0,0,0,0,0,0,0,0,0,0,0,0,0,0,0,0,0,0,0,0,0,0,0
DR11280,0,0,0,0,0,0,0,0,0,0,0,0,0,0,0,0,0,0,0,0,0,0,0,0,0,0,0,0,0,0,0,0,0,0,0,0,0,0,0,0,0,0,1,0,0,0,0
DR1161,0,0,0,0,0,0,0,0,0,0,0,0,0,0,0,0,0,0,0,0,0,0,0,0,0,1,0,0,0,0,0,0,0,0,0,0,0,0,0,0,0,0,1,0,0,0,0
DR12103,0,0,0,0,0,0,1,0,0,0,0,0,0,0,0,0,0,0,0,0,0,0,0,0,0,1,0,0,0,0,0,0,0,0,0,0,0,0,0,0,0,0,1,0,0,0,0
DR12153,0,0,0,0,0,0,0,0,1,0,0,0,0,0,0,0,0,0,0,0,0,0,0,0,1,0,0,0,0,0,0,0,0,0,0,0,0,0,0,0,0,0,0,0,0,0,0
DR12174,0,1,0,0,0,0,0,0,0,0,0,0,0,0,0,0,0,0,0,0,0,0,0,1,0,0,0,0,0,0,0,0,0,0,0,0,0,0,0,0,0,0,1,0,0,0,0
DR12179,0,0,0,0,0,0,0,0,0,0,0,0,1,0,0,0,0,0,0,0,0,0,0,0,0,0,0,0,0,0,0,0,0,1,0,0,0,0,0,0,0,0,0,0,0,0,0
DR12240,0,0,0,0,0,0,0,0,0,0,0,0,0,0,0,0,0,0,0,0,0,0,0,0,0,1,0,0,0,0,0,0,0,0,0,0,0,0,0,0,0,0,0,0,0,0,0
DR12257,0,0,0,0,0,0,0,0,1,0,0,0,0,0,0,0,0,1,0,0,0,0,0,0,0,1,0,0,0,0,0,0,0,0,0,0,0,0,0,0,0,0,1,0,0,1,0
DR12259,0,0,0,0,0,0,0,0,0,0,1,0,0,0,0,0,0,0,0,0,0,0,0,0,0,1,0,0,0,0,0,0,0,0,0,0,0,0,0,0,0,0,1,0,0,1,0
DR12270,0,0,0,0,0,0,0,0,1,0,0,0,0,0,0,0,0,0,0,0,0,0,0,0,0,1,0,0,0,0,0,0,0,0,0,1,1,0,0,0,0,0,0,0,0,0,0
DR12314,0,0,0,0,0,0,0,0,0,0,0,0,0,0,0,0,0,0,0,0,0,0,0,0,0,1,0,0,0,0,0,0,0,0,0,0,0,0,0,0,0,0,1,0,0,0,0
DR12340,0,0,0,0,0,0,1,0,0,0,0,0,0,0,0,0,0,0,0,0,0,0,0,0,0,1,0,0,0,0,0,0,0,0,0,0,0,0,0,0,0,0,1,0,0,0,0
DR12359,0,0,0,0,0,0,1,0,0,0,0,0,0,0,0,0,0,0,0,0,0,0,0,0,0,1,0,0,0,0,0,0,0,0,0,0,0,0,0,0,0,0,1,0,0,0,0
DR12418,0,0,0,0,0,0,0,0,0,0,0,0,0,0,0,0,0,0,0,0,0,0,0,0,0,1,0,0,0,0,0,0,0,0,0,0,1,0,0,0,0,0,0,0,0,0,0
DR12423,0,0,0,0,0,0,0,0,0,0,0,0,0,0,0,0,0,0,0,0,0,0,0,0,0,1,0,0,0,0,0,0,0,0,0,0,0,0,0,0,0,0,0,0,0,1,0
DR12448,0,0,0,0,0,0,0,0,0,0,0,0,0,0,0,0,0,0,0,0,0,0,0,0,0,0,0,0,0,0,0,0,0,0,0,0,0,0,0,1,0,0,0,0,0,0,0
DR12467,0,0,0,0,0,0,0,0,1,0,0,0,0,0,0,0,0,0,0,0,0,0,0,0,1,0,0,0,0,0,1,0,0,0,0,0,0,0,0,0,0,0,0,0,0,0,0
DR13130,0,0,0,0,0,0,0,0,0,0,0,0,0,0,0,0,0,0,0,0,0,0,0,0,0,1,0,0,0,1,0,0,0,0,0,0,0,0,0,0,0,0,0,0,0,0,0
DR13157,0,0,0,0,0,0,0,0,0,0,0,0,0,0,0,0,0,0,0,0,0,0,0,0,0,1,0,0,0,0,0,0,0,0,0,0,0,0,0,0,0,0,1,0,0,0,0
DR13162,0,0,0,0,0,0,0,0,1,0,0,0,0,0,0,0,0,0,1,0,0,0,0,0,0,1,0,0,0,0,1,0,0,0,0,0,0,0,0,0,0,0,0,0,0,0,0
DR13167,0,0,0,0,0,0,0,0,0,0,0,0,0,0,0,0,0,0,0,0,0,0,0,0,0,1,0,0,0,0,0,0,0,0,0,0,0,0,0,0,0,0,1,0,0,0,0
DR13232,0,0,0,0,0,0,0,0,0,0,0,0,0,0,0,0,0,0,0,0,0,0,0,0,0,0,0,0,0,0,0,0,0,0,0,0,1,0,0,0,0,0,0,0,0,0,0
DR13263,0,0,0,0,0,0,0,0,1,0,0,0,0,0,0,0,1,0,0,0,0,0,0,0,0,1,0,0,0,0,0,0,0,1,0,0,0,0,0,0,0,0,0,0,0,0,0
DR14112,0,0,0,0,0,0,0,0,0,0,0,0,0,0,0,0,0,0,0,0,0,0,0,0,0,0,0,0,0,0,0,0,0,0,0,0,0,0,0,0,0,0,0,0,0,0,0
DR14165,0,0,0,0,0,0,0,0,1,0,0,0,0,0,0,0,0,0,0,0,0,0,0,0,0,0,0,0,0,1,0,0,0,0,0,0,0,0,0,0,0,0,0,0,0,0,0
DR14220,0,0,0,0,0,0,0,0,0,0,0,0,0,0,0,0,0,0,0,0,0,0,0,0,0,0,0,0,0,0,0,0,0,0,0,0,0,0,0,0,0,0,0,0,0,0,0
DR14226,0,0,0,0,0,0,0,0,0,0,0,0,0,0,0,0,0,0,0,0,0,0,0,0,0,1,0,0,0,0,0,0,0,0,0,0,1,0,0,0,0,0,0,0,0,0,0
DR14236,0,0,0,0,0,0,0,0,1,0,0,0,0,0,0,0,0,0,1,0,0,0,0,0,0,0,0,0,0,0,0,0,0,0,0,0,0,0,0,0,0,0,1,0,0,0,0
DR14263,0,0,0,0,0,0,0,0,0,0,0,0,0,0,0,0,0,0,0,0,0,0,0,0,0,0,0,0,0,0,0,0,0,0,0,0,0,0,0,0,0,0,0,0,1,0,0
DR14265,0,0,0,0,0,0,1,0,0,0,0,0,0,0,0,0,0,0,0,0,0,0,0,0,0,0,0,0,0,0,0,0,0,0,0,0,0,0,0,0,0,0,1,0,0,0,0
DR14268,0,0,0,0,0,0,0,0,0,0,0,0,0,0,0,0,0,0,0,0,0,0,0,0,0,0,0,0,0,0,0,0,0,0,0,0,1,0,0,0,0,0,0,0,0,0,0
DR14306,0,0,0,0,0,0,0,0,1,0,0,0,0,0,0,0,0,0,0,0,0,0,0,0,0,0,0,0,0,0,0,0,0,0,0,1,0,0,0,0,0,0,0,0,0,0,0
DR14327,0,0,0,0,0,0,0,0,1,0,0,0,0,0,0,0,0,0,0,0,0,0,0,0,1,0,0,0,0,0,0,0,0,1,0,0,0,0,0,0,0,0,0,0,0,0,0
DR14348,0,0,0,0,0,0,0,0,0,0,1,0,0,0,0,0,0,0,0,0,0,0,0,0,0,0,0,0,0,0,0,0,0,0,0,0,0,0,1,0,0,0,0,0,0,0,0
DR14361,0,0,0,0,0,0,0,0,0,0,0,0,0,0,0,0,0,0,0,0,0,0,0,0,0,0,0,0,0,0,0,0,0,0,0,0,0,0,0,0,0,0,0,0,0,0,0
DR15127,0,0,1,0,0,0,0,0,0,0,0,0,0,0,0,0,0,0,0,0,0,0,0,0,0,1,0,0,0,0,0,0,0,0,0,0,0,0,0,0,0,0,1,0,0,0,0
DR15129,0,0,0,0,0,0,1,0,0,0,0,0,0,0,0,0,0,0,0,0,0,0,0,0,0,1,0,0,0,0,0,0,0,1,0,0,0,0,0,0,0,0,0,0,0,0,0
DR15130,0,0,0,0,0,0,1,0,0,0,0,0,0,0,0,0,0,0,0,0,0,0,0,0,0,1,0,0,0,0,0,0,0,1,0,0,0,0,0,0,0,0,0,0,0,0,0
DR15301,0,0,0,0,0,0,0,0,0,0,0,0,0,0,0,0,0,0,0,0,0,0,0,0,0,0,0,0,0,0,0,0,0,0,0,0,0,0,0,0,0,0,0,0,0,0,0
DR15319,0,0,0,0,0,0,0,0,0,0,0,0,0,0,0,0,0,0,0,0,0,0,0,0,0,0,0,0,0,0,0,0,0,0,0,0,0,0,0,0,0,0,0,0,0,0,0
DR15327,0,0,0,0,0,0,0,0,0,0,0,0,0,0,0,0,0,0,0,0,0,0,0,0,0,0,0,0,0,0,0,0,0,0,0,0,0,0,0,0,0,0,1,0,0,0,0
DR15334,0,0,0,0,0,0,0,0,0,0,0,0,0,0,0,0,0,0,0,0,0,0,0,0,0,0,0,0,0,0,0,0,0,0,0,0,0,0,0,0,0,0,0,0,0,0,0
DR15353,0,0,0,0,0,0,0,0,1,0,0,0,0,1,0,0,0,0,0,0,0,0,0,0,0,1,0,0,0,0,0,0,0,0,0,0,0,0,0,0,0,0,0,1,0,0,0
DR15401,0,0,0,0,0,0,0,0,0,0,0,0,0,0,0,0,0,0,0,0,0,0,0,0,0,1,0,0,0,0,1,0,0,0,0,0,0,0,0,0,0,0,0,0,0,0,0
DR15447,0,0,0,0,0,0,0,0,0,0,0,0,0,0,0,0,0,0,0,0,0,0,0,0,0,0,0,0,0,0,1,0,0,0,0,0,0,0,0,0,0,0,0,0,0,0,0
DR15448,0,0,0,0,0,0,0,0,0,0,0,0,1,0,0,0,0,0,0,0,0,0,0,0,0,0,0,0,0,0,0,0,0,0,0,0,0,0,0,0,0,0,0,0,0,0,0
DR16136,0,0,0,0,0,0,1,0,0,0,0,0,0,0,0,0,0,0,0,0,0,0,0,0,0,1,0,0,0,0,0,0,0,0,0,0,0,0,0,0,0,0,1,0,0,0,0
DR16151,0,0,0,0,0,0,0,0,0,0,0,0,0,0,0,0,0,0,0,0,0,0,0,0,0,0,0,0,0,0,0,0,0,0,0,0,0,0,0,0,0,0,0,0,0,0,0
DR16155,0,0,0,0,0,0,0,0,0,0,0,0,0,0,0,0,0,0,0,0,0,0,0,0,0,1,0,0,0,0,0,0,0,0,0,0,0,0,0,0,0,0,1,0,0,0,0
DR16163,0,0,0,0,0,0,0,0,0,0,0,0,0,0,0,0,0,0,0,0,0,0,0,0,0,0,0,0,0,0,0,0,0,0,0,0,0,0,0,0,0,0,0,0,0,0,0
DR16207,0,0,0,0,0,0,1,0,0,0,0,0,1,0,0,0,0,0,1,0,0,0,0,0,1,0,0,0,0,0,0,0,0,0,0,0,0,0,0,0,0,0,1,0,0,0,0
DR16351,0,0,0,0,0,0,0,0,0,0,0,0,0,0,0,0,0,0,0,0,0,0,0,0,0,0,0,0,0,0,0,0,0,0,0,0,0,0,0,0,0,0,1,0,0,0,0
DR16359,0,0,0,0,0,0,0,0,0,0,0,0,0,0,0,0,0,0,0,0,0,0,0,0,0,1,0,0,0,0,0,0,0,0,0,0,0,0,0,0,0,0,1,0,0,0,0
DR16360,0,0,0,0,0,0,0,0,0,0,0,0,0,0,0,0,0,0,0,0,0,0,0,0,0,1,0,0,0,0,0,0,0,0,0,0,0,0,0,0,0,0,1,0,0,0,0
DR16424,0,0,0,0,0,0,0,0,0,0,0,0,0,0,0,0,0,0,0,0,0,0,0,0,0,1,0,0,0,0,0,0,0,0,0,0,0,0,0,0,0,0,1,0,0,0,0
DR16466,0,0,0,0,0,0,0,0,0,0,0,0,0,0,0,0,0,0,0,0,0,0,0,0,0,1,0,0,0,0,0,0,0,0,0,0,0,0,0,0,0,0,0,0,0,0,0
DR16467,0,0,0,0,0,0,0,0,0,0,0,0,0,0,0,0,0,0,0,0,0,0,0,0,0,1,0,0,0,0,0,0,0,0,0,0,0,0,0,0,0,0,0,0,0,0,0
DR16510,0,0,0,0,0,0,0,0,0,0,0,0,0,0,0,0,0,0,0,0,0,0,0,0,0,0,0,0,0,0,0,0,0,0,0,0,0,0,0,0,0,0,0,0,0,0,0
DR16513,0,0,0,0,0,1,0,0,0,0,0,0,0,0,0,0,0,0,0,0,0,0,0,0,0,0,0,0,0,0,0,0,0,1,0,0,0,0,0,0,0,0,0,0,0,0,0
DR16514,0,0,0,0,0,0,1,0,0,0,0,0,0,0,0,0,0,0,0,0,0,0,0,0,0,0,0,0,0,0,0,0,0,0,0,0,0,0,1,0,0,0,0,0,0,0,0
DR16517,0,1,0,0,0,0,0,0,0,0,0,0,1,0,0,0,0,0,1,0,0,0,0,0,0,0,0,0,0,0,0,0,0,0,0,0,0,0,0,0,0,0,0,0,0,0,0
DR16527,0,0,0,0,0,0,0,0,0,0,1,0,0,0,0,0,0,0,0,0,0,0,0,0,0,1,0,0,0,0,0,0,0,0,0,0,0,0,0,0,0,0,1,0,0,1,0
DR16556,0,0,0,0,0,0,0,0,0,0,0,0,1,0,0,0,0,0,0,0,0,0,0,0,0,0,0,0,0,0,0,0,0,0,0,0,0,0,0,0,0,0,1,0,0,0,0
DR17106,0,0,0,0,0,0,0,0,1,0,0,0,0,0,0,0,0,0,0,0,0,0,0,0,0,1,0,0,0,0,0,0,0,0,0,0,0,0,0,0,0,0,1,0,0,0,0
DR17146,0,0,0,0,0,0,0,0,0,0,0,0,0,0,0,0,0,0,0,0,0,0,0,0,0,0,0,0,0,0,0,0,0,0,0,0,1,0,0,0,0,0,0,0,0,0,0
DR17166,0,0,0,0,0,0,0,0,0,0,0,0,0,0,0,0,0,0,0,0,0,0,0,0,0,0,0,0,0,0,0,0,0,0,0,0,0,0,0,0,0,0,0,0,0,0,0
DR17174,0,1,0,0,0,0,0,0,0,0,0,0,0,0,0,0,0,0,0,0,0,0,0,0,1,0,0,0,0,0,0,0,0,0,0,0,0,0,0,0,1,0,0,0,0,0,0
DR17213,0,0,0,0,0,0,0,0,0,0,0,0,0,0,0,0,0,0,0,0,0,0,0,0,0,0,0,0,0,0,0,0,0,0,0,0,0,0,0,0,0,0,0,0,0,0,0
DR17227,0,0,0,0,0,0,0,0,1,0,0,0,0,0,0,0,0,0,0,0,0,0,0,0,0,0,0,0,0,0,0,0,0,0,0,0,0,0,0,0,0,0,1,0,0,0,0
DR17238,0,0,0,0,0,0,0,0,0,0,0,0,0,0,0,0,0,0,0,0,0,0,0,0,0,0,0,0,0,0,0,0,0,0,0,0,0,0,0,0,0,0,0,0,0,0,0
DR17244,0,0,0,0,0,0,0,0,0,0,0,0,0,0,0,0,0,0,0,0,0,0,0,0,0,1,0,0,0,1,0,0,0,0,0,0,0,0,0,0,0,0,0,0,0,0,0
DR17366,0,0,0,0,0,0,1,0,0,0,0,0,0,0,0,0,0,0,0,0,0,0,0,0,0,1,0,0,0,0,0,0,0,0,0,0,0,0,0,0,0,0,1,0,0,0,0
DR18128,0,0,0,0,0,0,0,0,0,0,0,0,0,0,0,0,0,0,0,0,0,0,0,0,0,1,0,0,0,0,0,0,0,0,0,0,0,0,0,0,0,0,1,0,0,0,0
DR18144,0,0,0,0,0,0,0,0,0,0,0,0,0,0,0,0,0,0,0,0,0,0,0,0,0,0,0,0,0,0,0,0,0,0,0,0,0,0,0,0,0,0,0,0,0,0,0
DR18154,0,0,0,0,0,0,0,0,0,0,0,0,0,0,0,0,0,0,0,0,0,0,0,0,0,0,0,0,0,0,0,0,0,0,0,0,0,0,0,1,0,0,0,0,0,0,0
DR18163,0,0,0,0,0,0,0,0,0,0,0,0,0,0,0,0,0,0,0,0,0,0,0,0,1,0,0,0,0,1,0,0,0,0,0,0,0,0,0,0,0,0,0,0,0,0,0
DR18201,0,0,0,0,0,0,0,0,1,0,0,0,1,0,0,0,0,0,1,0,0,0,0,0,0,0,0,0,0,0,0,0,0,0,0,0,0,0,0,0,0,0,1,0,0,0,0
DR18206,0,0,0,0,0,0,0,0,0,0,0,0,0,0,0,0,1,0,0,0,0,0,0,0,0,0,0,0,0,0,0,0,0,0,0,0,0,0,0,0,0,0,0,0,0,0,0
DR18212,0,0,0,0,0,0,0,0,0,0,0,0,0,0,0,0,0,0,0,0,0,0,0,0,0,0,0,0,0,0,0,0,0,0,0,0,0,0,0,0,0,0,0,0,0,0,0
DR18218,0,0,0,0,0,0,0,0,1,0,0,0,1,0,0,0,0,0,1,0,0,0,0,0,0,1,0,0,0,0,0,0,0,0,0,0,1,0,0,0,0,0,0,0,0,0,0
DR18221,0,0,0,0,0,0,0,0,0,0,0,0,0,0,0,0,0,0,0,0,0,0,0,0,0,0,0,0,0,0,0,0,0,1,0,0,0,0,0,0,0,0,0,0,0,0,0
DR18225,0,0,0,0,0,0,0,0,0,0,0,0,0,0,0,0,0,1,0,0,0,0,0,0,0,0,0,0,0,0,0,0,0,0,0,0,0,0,0,0,0,0,1,0,0,0,0
DR18236,0,0,0,0,0,0,0,0,0,0,0,0,0,0,0,0,0,0,0,0,0,0,0,0,0,0,0,0,0,0,0,0,0,0,0,0,0,0,0,0,0,0,0,0,0,0,0
DR18252,0,0,0,0,0,0,0,0,0,0,0,0,0,0,0,0,0,0,0,0,0,0,0,0,0,0,0,0,0,0,0,0,0,0,0,0,0,0,0,0,0,0,0,0,0,0,0
DR18253,0,0,0,0,0,0,1,0,0,0,0,0,1,0,0,0,0,0,0,0,0,0,0,0,0,0,0,0,0,0,0,0,0,0,0,0,0,0,0,0,0,0,1,0,0,0,0
DR18350,0,0,0,0,0,0,0,0,0,0,0,0,0,0,0,0,0,0,0,0,0,0,0,0,0,1,0,0,0,0,0,0,0,0,0,0,0,0,0,0,0,0,1,0,0,0,0
DR18408,0,0,0,0,0,0,0,0,0,0,0,0,0,0,0,0,0,0,0,0,0,0,0,0,0,0,0,0,0,0,0,0,0,0,0,1,0,0,0,0,0,0,0,0,0,0,0
DR18410,0,0,0,0,0,0,0,0,0,0,1,0,0,0,0,0,0,0,0,0,0,0,0,0,0,1,0,0,0,0,0,0,0,0,0,0,0,0,0,0,0,0,1,0,0,0,0
DR18428,0,0,0,0,0,0,0,0,1,0,0,0,0,0,0,0,0,0,0,0,0,0,0,0,0,0,0,0,0,1,0,0,0,0,0,0,0,0,0,0,0,0,0,0,0,0,0
DR18558,0,0,0,0,0,0,0,0,0,0,0,0,0,0,0,0,0,0,0,0,0,0,0,0,0,1,0,0,0,0,0,0,0,0,0,0,0,0,0,0,0,0,1,0,0,0,0
DR18559,0,0,0,0,0,0,0,0,0,0,0,0,0,0,0,0,0,0,0,0,0,0,0,0,0,1,0,0,0,0,0,0,0,0,0,0,0,0,0,0,0,0,1,0,0,0,0
DR18566,0,0,0,0,0,0,0,0,0,0,0,0,0,0,0,0,1,0,0,0,0,0,0,0,0,0,0,0,0,0,0,0,0,0,0,1,0,0,0,0,0,0,0,0,0,0,0
DR18568,0,0,0,0,0,0,0,0,1,0,0,0,0,0,0,0,0,0,0,0,0,0,0,0,0,1,0,0,0,0,0,0,0,0,0,0,0,0,0,0,0,0,1,0,0,0,0
DR19107,0,0,0,0,0,0,0,0,1,0,0,0,0,0,0,0,0,0,0,0,0,0,0,0,0,0,0,0,0,0,0,0,0,0,0,1,1,0,0,0,0,0,0,0,0,0,0
DR19128,0,0,0,0,0,0,0,0,1,0,0,0,0,0,0,0,0,0,0,0,0,0,0,0,0,0,0,0,0,0,0,0,0,0,0,0,0,0,0,0,0,0,1,0,0,0,0
DR19209,0,0,0,0,0,0,0,0,0,0,0,0,1,0,0,0,0,0,0,0,0,0,0,0,0,0,0,0,0,0,0,0,0,0,0,0,0,0,0,0,0,0,0,0,0,0,0
DR19216,0,0,0,0,0,0,0,0,0,0,0,0,0,0,0,0,0,0,0,0,0,0,0,0,0,1,0,0,0,0,0,0,0,0,0,0,0,0,0,0,0,0,1,0,0,0,0
DR19261,0,0,0,0,0,0,0,0,0,0,0,0,0,0,0,0,0,0,0,0,0,0,0,0,0,1,0,0,0,0,0,0,0,0,0,0,0,0,0,0,0,0,1,0,0,0,0
DR19340,0,0,0,0,0,0,0,0,0,0,0,0,0,0,0,0,0,0,0,0,0,0,0,0,0,1,0,0,0,0,0,0,0,0,0,0,0,1,0,0,0,0,0,0,0,0,0
DR19342,0,0,0,0,0,0,1,0,0,0,0,0,0,0,0,0,0,0,0,0,0,0,0,0,0,1,0,0,0,0,0,0,0,0,0,0,0,0,0,0,0,0,1,0,0,0,0
DR19357,0,0,0,0,0,0,1,0,0,0,0,0,0,0,0,0,0,0,0,0,0,0,0,0,0,1,0,0,0,0,0,0,0,0,0,0,0,0,0,0,0,0,1,0,0,0,0
DR19359,0,0,0,0,0,0,0,0,1,0,0,0,1,0,0,0,0,0,0,0,0,0,0,0,0,0,0,0,0,0,0,0,0,0,0,1,0,0,0,0,0,0,0,0,0,0,0
DR19368,0,0,0,0,0,0,0,0,0,0,0,0,0,0,0,0,0,0,0,0,0,0,0,0,0,1,0,0,0,0,0,0,0,0,0,1,1,0,0,0,0,0,0,0,0,0,0
DR19420,0,0,0,0,0,0,0,0,0,0,0,0,0,0,0,0,0,0,0,0,0,0,0,0,0,1,0,0,0,0,0,0,0,1,0,0,0,0,0,0,0,0,0,0,0,0,0
DR19466,0,0,0,0,1,0,0,0,0,0,0,0,0,0,0,0,0,0,1,0,0,0,0,0,0,1,0,0,0,0,0,0,0,0,0,0,0,0,0,0,0,0,0,0,0,0,0
DR20163,0,0,0,0,0,0,1,0,0,0,0,0,0,0,0,0,1,0,0,0,0,0,0,0,0,0,0,0,0,0,0,0,0,1,0,0,0,0,0,0,0,0,0,0,0,0,0
DR20165,0,0,0,0,0,0,0,0,0,0,1,0,0,0,0,0,0,0,0,0,0,0,0,0,0,1,0,0,0,0,0,0,0,0,0,0,0,0,0,0,0,0,1,0,0,0,0
DR20217,0,0,0,0,0,0,0,0,0,0,0,0,0,0,0,0,0,0,0,0,0,0,0,0,0,0,0,0,0,0,0,0,0,0,0,0,0,0,0,0,0,0,0,0,0,0,0
DR2115,0,0,0,0,0,0,1,0,0,0,0,0,0,0,0,0,0,0,0,0,0,0,0,0,0,1,0,0,0,1,0,0,0,0,0,0,0,0,0,0,0,0,0,0,0,0,0
DR2166,0,0,0,0,0,0,0,0,0,0,0,0,0,0,0,0,0,0,0,0,0,0,0,0,0,1,0,0,0,0,0,0,0,0,0,0,0,0,0,0,0,0,1,0,0,0,0
DR2167,1,0,0,0,0,0,0,0,0,0,0,0,0,0,0,0,0,0,0,0,0,0,0,0,0,1,0,0,0,0,1,0,0,0,0,0,0,0,0,0,0,0,0,0,0,0,0
DR2189,0,0,0,0,0,0,0,0,0,0,0,0,0,0,0,0,0,0,0,0,0,0,0,0,0,1,0,0,0,0,0,0,0,0,1,0,0,0,0,0,0,0,0,0,0,0,0
DR22149,0,0,0,0,0,0,0,0,0,0,0,0,0,0,0,0,0,0,0,0,0,0,0,0,0,0,0,0,0,0,0,0,0,1,0,0,0,0,0,0,0,0,0,0,0,0,0
DR22160,0,0,0,0,0,0,0,0,0,0,0,0,0,0,0,0,0,0,0,0,0,0,0,0,0,1,0,0,0,0,0,0,0,0,0,0,1,0,0,0,0,0,0,0,0,0,0
DR22204,0,0,0,0,0,0,0,0,1,0,0,0,0,0,0,1,0,0,0,0,0,0,0,0,1,0,0,0,0,0,0,0,0,0,0,0,0,0,0,0,0,0,0,0,0,0,0
DR22222,0,0,0,0,0,0,0,0,0,0,0,0,0,0,0,0,0,0,0,0,0,0,0,0,0,0,0,0,0,0,0,0,0,0,0,0,0,0,0,0,0,0,0,0,0,0,0
DR22226,0,0,0,0,0,0,0,0,0,0,0,0,0,0,0,0,0,0,0,0,0,0,0,0,0,0,0,0,0,0,0,0,0,0,0,0,0,0,0,0,0,0,0,0,0,0,0
DR22242,0,0,1,0,0,0,0,0,0,0,0,0,0,0,0,0,0,0,0,0,0,0,0,0,0,1,0,0,0,0,0,1,0,0,0,0,0,0,0,0,0,0,0,0,0,0,0
DR22243,0,0,0,0,0,0,1,0,0,0,0,0,0,0,0,0,0,0,0,0,0,0,0,0,0,1,0,0,0,0,0,0,0,0,0,0,0,0,0,0,0,0,0,0,0,0,0
DR23120,0,0,0,0,0,0,0,0,0,0,0,0,0,0,0,0,0,0,0,0,0,0,0,0,0,1,0,0,0,0,0,0,0,0,0,0,0,0,0,0,0,0,1,0,0,0,0
DR23215,0,0,0,0,0,0,0,0,1,0,0,0,0,0,0,0,0,0,0,0,0,0,0,0,0,0,0,0,0,0,0,0,0,0,0,0,0,0,0,0,0,0,0,0,0,0,0
DR23258,0,0,0,0,0,0,0,0,1,0,0,0,0,0,0,0,0,0,0,0,0,0,0,0,0,0,0,0,0,0,0,0,0,1,0,0,0,0,0,0,0,0,0,0,0,0,0
DR23324,0,0,0,0,0,0,0,0,0,0,1,0,0,0,0,0,1,0,0,0,0,0,0,0,0,0,0,0,0,0,0,0,0,0,0,1,0,0,0,0,0,0,0,0,0,0,0
DR23338,0,1,0,0,0,0,0,0,0,0,0,0,0,0,0,0,0,0,0,1,0,0,0,0,0,0,0,0,0,0,0,0,0,0,0,0,0,0,0,0,0,0,1,0,0,0,0
DR23342,0,0,0,0,0,0,0,0,1,0,0,0,0,0,0,0,0,0,0,0,0,0,0,0,0,1,0,0,0,0,0,0,0,0,0,0,0,0,0,0,0,0,1,0,0,0,0
DR23344,0,0,0,0,0,0,1,0,0,0,0,0,0,0,0,0,0,0,0,0,0,0,0,0,0,0,0,0,0,0,0,0,0,0,0,0,0,0,0,0,0,0,1,0,0,0,0
DR23356,0,0,0,0,0,0,0,0,0,0,0,0,0,0,0,0,1,0,0,0,0,0,0,0,0,1,0,0,0,0,0,0,0,0,0,0,0,0,0,0,0,0,1,0,0,0,0
DR23402,0,0,0,0,0,0,0,0,1,0,0,0,0,0,0,0,1,0,0,0,0,0,0,0,0,0,0,0,0,0,1,0,0,0,0,0,0,0,0,0,0,0,0,0,0,0,0
DR23408,0,0,0,0,0,0,0,0,1,0,0,0,0,0,0,0,0,0,0,0,0,0,0,0,0,0,0,0,0,0,0,0,0,0,0,0,0,0,0,0,0,0,0,0,0,0,0
DR23557,0,0,0,0,0,0,1,0,0,0,0,0,0,0,0,1,0,1,0,0,0,0,0,0,0,1,0,0,0,0,0,0,0,0,0,0,0,0,0,0,0,0,0,0,0,0,0
DR23560,0,0,0,0,0,0,1,0,0,0,0,0,0,1,0,0,0,0,0,0,0,0,0,0,0,0,0,0,0,0,0,0,0,0,0,0,0,0,0,0,0,0,0,0,1,0,0
DR23562,0,0,0,0,0,0,0,0,0,0,0,0,0,0,0,0,0,0,0,0,0,0,0,0,0,0,0,0,0,0,0,0,0,1,0,0,0,0,0,0,0,0,0,0,0,0,0
DR24187,0,0,0,0,0,0,0,0,0,0,0,0,0,0,0,0,0,0,0,0,0,0,0,0,0,1,0,0,0,0,0,0,0,0,0,0,0,0,0,0,0,0,1,0,0,0,0
DR24267,0,0,0,0,0,0,0,0,0,0,0,0,0,0,0,0,0,0,0,0,0,0,0,0,0,0,0,0,0,0,0,0,0,0,0,0,0,0,0,0,0,0,0,0,0,0,0
DR24272,0,0,0,0,0,0,0,0,1,0,0,0,0,0,0,0,0,0,1,0,0,0,0,0,0,1,0,0,0,0,1,0,0,0,0,0,0,0,0,0,0,0,0,0,0,0,0
DR26101,0,0,0,0,0,0,0,0,0,0,0,0,0,0,0,0,0,0,0,0,0,0,0,0,0,1,0,0,0,0,0,0,0,0,0,0,0,0,0,0,0,0,1,0,0,0,0
DR26124,0,0,0,0,0,0,0,0,0,0,0,0,0,0,0,0,0,0,0,0,0,0,0,0,0,0,0,0,0,0,0,0,0,0,0,0,1,0,0,0,0,0,0,0,0,0,0
DR27149,0,0,0,0,0,0,0,0,1,0,0,0,0,0,0,0,0,0,0,0,0,0,0,0,0,1,0,0,0,0,0,0,0,1,0,0,0,0,0,0,0,0,0,0,0,0,0
DR27154,0,0,0,0,0,0,0,0,0,0,0,0,0,0,0,0,0,0,0,0,0,0,0,0,0,1,0,0,0,0,0,0,0,0,0,0,0,0,1,0,0,0,0,0,0,0,0
DR27164,0,0,0,0,0,0,0,0,0,0,0,0,1,0,0,0,0,0,0,0,0,0,0,0,0,1,0,0,0,0,0,0,0,0,0,0,0,0,0,0,0,0,1,0,0,0,0
DR28103,0,0,0,0,0,0,0,0,0,0,0,0,1,0,0,0,0,0,0,0,0,0,0,0,0,0,0,0,0,0,0,0,0,0,0,0,1,0,0,0,0,0,0,0,0,0,0
DR28133,0,0,0,0,0,0,0,0,1,0,0,0,0,0,0,0,1,0,0,0,0,0,0,0,0,0,0,0,0,0,0,0,0,0,0,0,0,0,0,0,0,0,1,0,0,0,0
DR28144,0,0,0,0,0,0,0,0,1,0,0,0,0,0,0,0,0,0,0,0,0,0,0,0,0,1,0,0,0,0,0,0,0,0,0,0,0,0,0,0,0,0,0,0,0,0,0
DR28158,0,0,0,0,0,0,0,0,0,0,0,0,0,0,0,0,0,0,0,0,0,0,0,0,0,0,0,0,0,0,0,0,0,0,0,0,0,0,0,0,0,0,0,0,0,0,0
DR29120,0,0,0,0,0,0,0,0,0,0,0,0,0,0,0,0,0,0,0,0,0,0,0,0,0,1,0,0,0,0,0,0,0,0,0,0,0,0,0,0,0,0,0,0,0,0,0
DR29127,0,0,1,0,0,0,0,0,0,0,0,0,0,0,0,0,0,0,0,0,0,0,0,0,0,0,0,0,0,0,0,0,0,0,0,0,0,0,0,0,0,0,0,0,0,0,0
DR29131,0,0,0,0,0,0,0,0,0,0,0,0,0,0,0,0,0,0,0,0,0,0,0,0,0,1,0,0,0,0,0,0,0,0,0,0,0,0,0,0,0,0,0,1,0,0,0
DR29171,0,0,0,0,0,0,0,0,0,0,0,0,0,0,0,0,0,0,0,0,0,0,0,0,0,0,0,0,0,0,0,0,0,0,0,0,0,0,0,0,0,0,0,0,0,0,0
DR29175,0,0,0,0,0,0,0,0,0,0,0,0,0,0,0,0,0,0,0,0,0,0,0,0,0,0,0,0,0,0,0,0,0,0,0,0,0,0,0,0,0,0,0,0,0,0,0
DR30119,0,0,0,0,0,0,0,0,0,0,0,0,0,0,0,0,0,0,0,0,0,0,0,0,0,1,0,0,0,0,0,0,0,0,0,0,0,0,0,0,0,0,1,0,0,0,0
DR30124,0,0,0,0,0,0,0,0,0,0,0,0,0,0,0,0,0,0,0,0,0,0,0,0,0,1,0,0,0,0,0,0,0,0,0,0,0,0,0,0,1,0,0,0,0,0,0
DR30147,0,0,0,0,0,0,0,0,0,0,0,0,0,0,0,0,0,0,0,0,0,0,0,0,0,0,0,0,0,0,0,0,0,0,0,0,0,0,0,0,0,0,0,0,0,0,0
DR31104,0,0,0,0,0,0,0,0,0,0,0,0,0,0,0,0,0,0,0,0,0,0,0,0,0,0,0,0,0,0,0,0,0,0,0,0,0,0,0,0,0,0,0,0,0,0,0
DR3118,0,0,0,0,0,0,0,0,0,0,0,0,0,0,0,0,0,0,0,0,0,0,0,0,0,1,0,0,0,0,0,0,0,0,0,0,0,0,0,0,0,0,1,0,0,1,0
DR31213,0,0,0,0,0,0,0,0,0,0,0,0,0,0,0,0,0,0,0,0,0,0,0,0,0,0,0,0,0,0,0,0,0,0,0,0,0,0,0,0,0,0,0,0,0,0,0
DR31251,0,0,0,0,0,0,0,0,0,0,0,0,0,0,0,0,0,0,0,0,0,0,0,0,0,0,0,0,0,0,0,0,0,0,0,0,0,0,0,0,0,0,0,0,0,0,0
DR3202,0,0,0,0,0,0,0,0,0,0,0,0,0,0,0,0,0,0,0,0,0,0,0,0,0,1,0,0,0,0,0,0,0,0,0,0,0,1,0,0,0,0,0,0,0,0,0
DR3208,0,0,0,0,0,0,0,0,0,0,0,0,0,0,0,0,0,0,0,0,0,0,0,0,0,0,0,0,0,0,0,0,0,0,0,0,0,0,0,0,0,0,1,0,0,0,0
DR3209,0,0,0,0,0,0,0,0,0,0,0,0,0,0,0,0,0,0,0,0,0,0,0,0,0,1,0,0,0,0,0,0,0,0,0,0,0,0,0,0,0,0,0,0,0,0,0
DR3220,0,0,0,0,0,0,0,0,0,0,0,0,0,0,0,0,0,0,0,0,0,0,0,0,0,0,0,0,0,0,0,0,0,0,0,0,0,0,0,0,0,0,1,0,0,0,0
DR3224,0,0,0,0,0,0,0,0,0,0,0,0,0,0,0,0,0,0,0,0,0,0,0,0,0,0,0,0,0,0,0,0,0,0,0,0,0,0,0,0,0,0,0,0,0,0,0
DR3283,0,0,0,0,0,0,0,0,0,0,0,0,0,0,0,0,0,0,0,0,0,0,0,0,0,0,0,0,0,0,1,0,0,0,0,0,0,0,0,0,0,0,0,0,0,0,0
DR3284,0,0,0,0,0,0,0,0,0,0,0,0,0,0,0,0,0,0,0,0,0,0,0,0,0,0,0,0,0,0,1,0,0,0,0,0,0,0,0,0,0,0,0,0,0,0,0
DR3293,0,0,0,0,0,0,0,0,0,0,0,0,0,0,0,0,0,0,0,0,0,0,0,0,0,0,0,0,0,0,0,0,0,0,0,0,0,0,0,0,0,0,0,0,0,1,0
DR3311,0,0,0,0,0,0,0,0,0,0,0,0,0,0,0,0,0,0,0,0,0,0,0,0,0,1,0,0,0,0,0,0,0,0,0,0,0,0,0,0,0,0,1,0,0,0,0
DR3338,0,0,0,0,0,0,0,0,0,0,0,0,0,0,0,0,0,0,0,0,0,0,0,0,0,1,0,0,0,0,0,0,0,0,0,0,0,0,0,0,0,0,1,0,0,0,0
DR3349,0,0,0,0,0,0,0,0,1,0,0,0,0,0,1,0,1,0,0,0,0,0,0,0,0,1,0,0,0,0,0,0,0,0,0,0,0,0,0,0,0,0,1,0,0,1,0
DR3352,0,0,1,0,0,0,0,0,0,0,0,0,0,0,0,0,0,0,0,0,0,0,0,0,0,0,0,0,0,0,0,0,0,0,0,0,0,0,0,0,0,0,1,0,0,0,0
DR4107,0,0,0,0,0,0,0,0,0,0,0,0,0,0,0,0,0,0,0,0,0,0,0,0,0,0,0,0,0,0,0,0,0,0,0,0,0,0,0,0,0,0,0,0,0,0,0
DR4112,0,0,0,0,0,0,0,0,1,0,0,0,1,0,0,0,0,1,0,0,0,0,0,0,0,1,0,0,0,0,0,0,0,0,0,0,0,0,0,0,0,0,1,0,0,0,0
DR4117,0,0,0,0,0,0,0,0,1,0,0,0,1,0,0,0,0,0,1,0,0,0,0,0,0,1,0,0,0,0,0,0,0,0,0,0,0,0,0,0,0,0,1,0,0,0,0
DR4128,0,1,0,0,0,0,0,0,0,0,0,0,1,0,0,0,0,0,0,0,0,0,0,1,0,0,0,0,0,0,0,0,0,0,0,0,0,0,0,0,0,0,1,0,0,0,0
DR4145,0,0,0,0,0,0,1,0,0,0,0,0,1,0,0,0,1,0,0,0,0,0,0,0,0,0,0,0,0,0,0,0,0,0,0,0,0,0,0,0,0,0,1,0,0,0,0
DR4146,0,1,0,0,0,0,0,0,0,0,0,0,1,0,0,0,0,0,0,0,0,0,0,1,0,0,0,0,0,0,0,0,0,0,0,0,0,0,0,0,0,0,1,0,0,0,0
DR4147,0,0,0,0,0,0,1,0,0,0,0,0,1,0,0,0,1,0,0,0,0,0,0,0,0,0,0,0,0,0,0,0,0,0,0,0,0,0,0,0,0,0,1,0,0,0,0
DR4148,0,0,0,0,0,0,1,0,0,0,0,0,1,0,0,0,1,0,0,0,0,0,0,0,0,0,0,0,0,0,0,0,0,0,0,0,0,0,0,0,0,0,1,0,0,0,0
DR4160,0,0,0,0,0,0,1,0,0,0,0,0,1,0,0,0,1,0,0,0,0,0,0,0,0,0,0,0,0,0,0,0,0,0,0,0,0,0,0,0,0,0,1,0,0,0,0
DR4202,0,0,0,0,0,0,0,0,0,0,0,0,0,0,0,0,0,0,0,0,0,0,0,0,0,1,0,0,0,0,0,0,0,0,0,0,0,1,0,0,0,0,0,0,0,0,0
DR4203,0,0,0,0,0,0,0,0,0,0,0,0,0,0,0,0,0,0,0,0,0,0,0,0,0,0,0,0,0,0,0,0,0,0,0,0,0,0,0,0,0,0,0,0,0,0,0
DR4204,0,0,0,0,0,0,0,0,1,0,0,0,1,0,0,0,1,0,0,0,0,0,0,0,0,0,0,0,0,0,0,0,0,0,0,0,0,0,0,0,0,0,1,0,0,0,0
DR4205,0,0,0,0,0,0,0,0,0,0,0,0,0,0,0,0,0,0,0,0,0,0,0,0,0,1,0,0,0,0,1,0,0,0,0,0,0,0,0,0,0,0,0,0,0,0,0
DR4255,0,0,0,0,0,0,0,0,1,0,0,0,0,0,0,0,0,0,0,0,0,0,0,0,0,0,0,0,0,0,0,0,0,0,0,0,0,0,0,1,0,0,0,0,0,0,0
DR5106,0,1,0,0,0,0,0,0,0,0,0,0,0,0,0,0,0,0,0,0,0,0,0,0,0,0,0,0,0,0,0,0,0,0,0,0,0,0,0,0,0,0,0,0,0,0,0
DR5112,0,0,0,0,0,0,0,0,1,0,0,0,0,0,0,0,0,0,0,0,0,0,0,0,0,1,0,0,0,0,0,0,0,0,0,0,0,0,0,0,0,0,1,0,0,0,0
DR5114,0,0,0,0,0,0,0,0,0,0,0,0,0,0,0,0,0,0,0,0,0,0,0,0,0,1,0,0,0,0,0,0,0,0,0,0,0,0,0,0,0,0,1,0,0,0,0
DR5116,0,0,0,0,0,0,0,0,0,0,0,0,0,0,0,0,0,0,0,0,0,0,0,0,0,1,0,0,0,0,0,0,0,0,0,1,0,0,0,0,0,0,0,0,0,0,0
DR5131,0,0,0,0,0,0,0,0,0,0,0,0,1,0,0,0,0,0,0,0,0,0,0,0,0,0,0,0,0,0,0,0,0,0,0,0,0,0,0,0,0,0,1,0,0,0,0
DR5132,0,0,0,0,0,0,0,0,0,0,0,0,0,0,0,0,0,0,0,0,0,0,0,0,0,0,0,0,0,0,0,0,0,0,0,0,0,0,0,0,0,0,0,0,0,0,0
DR5134,0,0,0,0,0,0,1,0,0,0,0,0,0,0,0,0,0,0,0,0,0,0,0,0,0,0,0,0,0,0,0,0,0,0,0,0,0,0,0,0,0,0,1,0,0,0,0
DR5152,0,0,0,0,0,0,0,0,0,0,0,0,0,0,0,0,0,0,0,0,0,0,0,0,0,1,0,0,0,0,0,0,0,0,0,0,1,0,0,0,0,0,0,0,0,0,0
DR5158,0,0,0,0,0,0,0,0,0,0,0,0,0,0,0,0,0,0,0,0,0,0,0,0,0,1,0,0,0,0,0,0,0,0,0,0,1,0,0,0,0,0,0,0,0,0,0
DR5160,0,0,0,0,0,0,0,0,0,0,1,0,0,0,0,0,1,0,0,0,0,0,0,0,0,1,0,0,0,0,0,0,0,1,0,0,0,0,0,0,0,0,0,0,0,0,0
DR5166,0,0,0,0,0,0,1,0,0,0,0,0,0,0,0,0,0,0,0,0,0,1,0,0,0,1,0,0,0,0,0,0,0,0,1,0,0,0,0,0,0,0,0,0,0,0,0
DR6113,0,0,0,0,0,0,1,0,0,0,0,0,0,0,0,0,0,0,0,0,0,0,0,0,0,1,0,0,0,0,0,0,0,0,0,0,0,0,0,0,0,0,1,0,0,0,0
DR6128,0,0,0,0,0,0,0,0,0,0,0,0,1,0,0,0,1,0,0,0,0,0,0,0,0,0,0,0,0,0,0,0,0,0,0,0,0,0,0,0,0,0,1,0,0,0,0
DR6132,0,0,0,0,0,0,0,0,0,0,0,0,0,0,0,0,1,0,0,0,0,0,0,0,0,0,0,0,0,0,1,0,0,0,0,0,0,0,0,0,0,0,0,0,0,0,0
DR6133,0,0,0,0,0,0,0,0,0,0,0,0,0,0,0,0,0,0,0,0,0,0,0,0,0,0,0,0,0,0,0,0,0,0,0,0,1,0,0,0,0,0,0,0,0,0,0
DR6145,0,0,0,0,0,0,0,0,0,0,0,1,1,0,0,0,0,1,0,0,0,0,0,0,0,0,0,0,0,0,0,0,0,0,0,0,0,0,0,0,0,0,0,0,0,0,0
DR6157,0,0,0,0,0,0,0,0,0,0,0,0,0,0,0,0,0,0,0,0,0,0,0,0,0,0,0,0,0,0,0,0,0,0,0,0,0,0,0,0,0,0,0,0,0,0,0
DR6165,0,0,0,0,0,0,0,0,0,0,0,0,0,0,0,0,0,0,0,0,0,0,0,0,0,1,0,0,0,0,0,0,0,0,0,0,0,0,0,0,0,0,1,0,0,0,0
DR7133,1,0,0,0,0,0,0,0,0,0,0,0,0,0,0,0,0,0,0,0,0,0,0,0,0,0,0,0,0,0,0,0,0,0,0,0,0,0,0,0,0,0,1,0,0,0,0
DR7153,0,0,0,0,0,0,0,0,0,0,0,0,0,0,0,0,0,0,0,0,0,0,0,0,0,1,0,0,0,0,0,1,0,0,0,0,0,0,0,0,0,0,0,0,0,0,0
DR8111,0,0,0,0,0,0,0,0,0,0,0,0,0,0,0,0,0,0,0,0,0,0,0,0,0,0,0,0,0,0,0,0,0,0,0,0,0,0,0,0,0,0,0,0,0,0,0
DR8112,0,0,0,0,0,0,0,0,0,0,0,0,0,0,0,0,0,0,0,0,0,0,0,0,0,0,0,0,0,0,0,0,0,0,0,0,0,0,0,0,0,0,0,0,0,0,0
DR8119,0,0,0,0,0,0,0,0,0,0,0,0,0,0,0,0,0,0,0,0,0,0,0,0,0,1,0,0,0,0,0,0,0,0,0,0,0,0,0,0,0,0,1,0,0,0,0
DR8124,0,0,0,0,0,0,0,0,0,0,0,0,0,0,0,0,0,0,0,0,0,0,0,0,0,0,0,0,0,0,0,0,0,0,0,0,0,0,0,0,0,0,0,0,0,0,0
DR8128,0,0,0,0,0,0,0,0,0,0,0,0,0,0,0,0,0,0,0,0,0,0,0,0,0,0,0,0,0,0,0,0,0,0,0,0,0,0,0,0,0,0,0,0,0,0,0
DR8134,0,0,0,0,0,0,0,0,0,0,0,0,0,0,0,0,0,0,0,0,0,0,0,0,0,0,0,0,0,0,0,0,0,0,0,0,0,0,0,0,0,0,0,0,0,0,0
DR8211,0,0,0,0,0,0,0,0,0,0,0,0,0,0,0,0,0,0,0,0,0,0,0,0,0,0,0,0,0,0,0,0,0,0,0,0,0,0,0,0,0,0,0,0,0,0,0
DR8213,0,0,0,0,0,0,0,0,0,0,0,0,0,0,0,0,0,0,0,0,0,0,0,0,0,0,0,0,0,0,0,0,0,0,0,0,0,0,0,0,0,0,0,0,0,0,0
DR8214,0,0,0,0,0,0,0,0,0,0,0,0,0,0,0,0,0,0,0,0,0,0,0,0,0,0,0,0,0,0,0,0,0,0,0,0,0,0,0,0,0,0,0,0,0,0,0
DR8247,0,0,0,0,0,0,0,0,0,0,0,0,0,0,0,0,0,0,0,0,0,0,0,0,0,0,0,0,0,0,0,0,0,0,0,0,0,0,0,0,0,0,0,0,0,0,0
DR9156,0,0,1,0,0,0,0,0,0,0,0,0,0,0,0,0,0,0,0,0,0,0,0,0,0,1,0,0,0,0,0,0,0,0,0,0,0,0,0,0,0,0,1,0,0,0,0
DR9160,0,1,0,0,0,0,0,0,0,0,0,0,0,0,0,0,0,0,0,0,0,0,0,0,0,1,0,0,0,0,0,0,0,0,0,0,0,0,0,0,0,0,1,0,0,0,0
DS10210,0,0,0,0,0,0,0,0,0,0,0,0,0,0,0,0,0,0,0,0,0,0,0,0,0,0,0,0,0,0,0,0,0,0,0,0,0,0,0,0,0,0,0,0,0,0,0
DS10307,0,0,0,0,0,0,0,0,0,0,0,0,0,0,0,0,0,0,0,0,0,0,0,0,0,0,0,0,0,0,0,0,0,0,0,0,0,0,0,0,0,0,0,0,0,0,0
DS11204,0,0,0,0,0,0,0,0,0,0,0,0,0,0,0,0,0,0,0,0,0,0,0,0,0,0,0,0,0,0,0,0,0,0,0,0,0,0,0,0,0,0,0,0,0,0,0
DS13204,0,0,0,0,0,0,0,0,0,0,0,0,0,0,0,0,0,0,0,0,0,0,0,0,0,0,0,0,0,0,0,0,0,0,0,0,0,0,0,0,0,0,0,0,0,0,0
DS14205,0,0,0,0,0,0,0,0,0,0,0,0,0,0,0,0,0,0,0,0,0,0,0,0,0,0,0,0,0,0,0,0,0,0,0,0,0,0,0,0,0,0,0,0,0,0,0
DS14301,0,0,0,0,0,0,0,0,0,0,0,0,0,0,0,0,0,0,0,0,0,0,0,0,0,0,0,0,0,0,0,0,0,0,0,0,0,0,0,0,0,0,0,0,0,0,0
DS15104,0,0,0,0,0,0,0,0,0,0,0,0,0,0,0,0,0,0,0,0,0,0,0,0,0,0,0,0,0,0,0,0,0,0,0,0,0,0,0,0,0,0,0,0,0,0,0
DS15173,0,0,0,0,0,0,0,0,0,0,0,0,0,0,0,0,0,0,0,0,0,0,0,0,0,0,0,0,0,0,0,0,0,0,0,0,0,0,0,0,0,0,0,0,0,0,0
DS16205,0,0,0,0,0,0,0,0,0,0,0,0,0,0,0,0,0,0,0,0,0,0,0,0,0,0,0,0,0,0,0,0,0,0,0,0,0,0,0,0,0,0,0,0,0,0,0
DS16212,0,0,0,0,0,0,0,0,0,0,0,0,0,0,0,0,0,0,0,0,0,0,0,0,0,0,0,0,0,0,0,0,0,0,0,0,0,0,0,0,0,0,0,0,0,0,0
DS16404,0,0,0,0,0,0,0,0,0,0,0,0,0,0,0,0,0,0,0,0,0,0,0,0,0,0,0,0,0,0,0,0,0,0,0,0,0,0,0,0,0,0,0,0,0,0,0
DS16406,0,0,0,0,0,0,0,0,0,0,0,0,0,0,0,0,0,0,0,0,0,0,0,0,0,0,0,0,0,0,0,0,0,0,0,0,0,0,0,0,0,0,0,0,0,0,0
DS16546,0,0,0,0,0,0,0,0,0,0,0,0,0,0,0,0,0,0,0,0,0,0,0,0,0,0,0,0,0,0,0,0,0,0,0,0,0,0,0,0,0,0,0,0,0,0,0
DS17120,0,0,0,0,0,0,0,0,0,0,0,0,0,0,0,0,0,0,0,0,0,0,0,0,0,0,0,0,0,0,0,0,0,0,0,0,0,0,0,0,0,0,0,0,0,0,0
DS17202,0,0,0,0,0,0,0,0,0,0,0,0,0,0,0,0,0,0,0,0,0,0,0,0,0,0,0,0,0,0,0,0,0,0,0,0,0,0,0,0,0,0,0,0,0,0,0
DS17314,0,0,0,0,0,0,0,0,0,0,0,0,0,0,0,0,0,0,0,0,0,0,0,0,0,0,0,0,0,0,0,0,0,0,0,0,0,0,0,0,0,0,0,0,0,0,0
DS18129,0,0,0,0,0,0,0,0,0,0,0,0,0,0,0,0,0,0,0,0,0,0,0,0,0,0,0,0,0,0,0,0,0,0,0,0,0,0,0,0,0,0,0,0,0,0,0
DS18134,0,0,0,0,0,0,0,0,0,0,0,0,0,0,0,0,0,0,0,0,0,0,0,0,0,0,0,0,0,0,0,0,0,0,0,0,0,0,0,0,0,0,0,0,0,0,0
DS18207,0,0,0,0,0,0,0,0,0,0,0,0,0,0,0,0,0,0,0,0,0,0,0,0,0,0,0,0,0,0,0,0,0,0,0,0,0,0,0,0,0,0,0,0,0,0,0
DS18238,0,0,0,0,0,0,0,0,0,0,0,0,0,0,0,0,0,0,0,0,0,0,0,0,0,0,0,0,0,0,0,0,0,0,0,0,0,0,0,0,0,0,0,0,0,0,0
DS18304,0,0,0,0,0,0,0,0,0,0,0,0,0,0,0,0,0,0,0,0,0,0,0,0,0,0,0,0,0,0,0,0,0,0,0,0,0,0,0,0,0,0,0,0,0,0,0
DS18409,0,0,0,0,0,0,0,0,0,0,0,0,0,0,0,0,0,0,0,0,0,0,0,0,0,0,0,0,0,0,0,0,0,0,0,0,0,0,0,0,0,0,0,0,0,0,0
DS19108,0,0,0,0,0,0,0,0,0,0,0,0,0,0,0,0,0,0,0,0,0,0,0,0,0,0,0,0,0,0,0,0,0,0,0,0,0,0,0,0,0,0,0,0,0,0,0
DS19204,0,0,0,0,0,0,0,0,0,0,0,0,0,0,0,0,0,0,0,0,0,0,0,0,0,0,0,0,0,0,0,0,0,0,0,0,0,0,0,0,0,0,0,0,0,0,0
DS19310,0,0,0,0,0,0,0,0,0,0,0,0,0,0,0,0,0,0,0,0,0,0,0,0,0,0,0,0,0,0,0,0,0,0,0,0,0,0,0,0,0,0,0,0,0,0,0
DS19316,0,0,0,0,0,0,0,0,0,0,0,0,0,0,0,0,0,0,0,0,0,0,0,0,0,0,0,0,0,0,0,0,0,0,0,0,0,0,0,0,0,0,0,0,0,0,0
DS20116,0,0,0,0,0,0,0,0,0,0,0,0,0,0,0,0,0,0,0,0,0,0,0,0,0,0,0,0,0,0,0,0,0,0,0,0,0,0,0,0,0,0,0,0,0,0,0
DS2019,0,0,0,0,0,0,0,0,0,0,0,0,0,0,0,0,0,0,0,0,0,0,0,0,0,0,0,0,0,0,0,0,0,0,0,0,0,0,0,0,0,0,0,0,0,0,0
DS2146,0,0,0,0,0,0,0,0,0,0,0,0,0,0,0,0,0,0,0,0,0,0,0,0,0,0,0,0,0,0,0,0,0,0,0,0,0,0,0,0,0,0,0,0,0,0,0
DS22110,0,0,0,0,0,0,0,0,0,0,0,0,0,0,0,0,0,0,0,0,0,0,0,0,0,0,0,0,0,0,0,0,0,0,0,0,0,0,0,0,0,0,0,0,0,0,0
DS23204,0,0,0,0,0,0,0,0,0,0,0,0,0,0,0,0,0,0,0,0,0,0,0,0,0,0,0,0,0,0,0,0,0,0,0,0,0,0,0,0,0,0,0,0,0,0,0
DS23333,0,0,0,0,0,0,0,0,0,0,0,0,0,0,0,0,0,0,0,0,0,0,0,0,0,0,0,0,0,0,0,0,0,0,0,0,0,0,0,0,0,0,0,0,0,0,0
DS23334,0,0,0,0,0,0,0,0,0,0,0,0,0,0,0,0,0,0,0,0,0,0,0,0,0,0,0,0,0,0,0,0,0,0,0,0,0,0,0,0,0,0,0,0,0,0,0
DS23515,0,0,0,0,0,0,0,0,0,0,0,0,0,0,0,0,0,0,0,0,0,0,0,0,0,0,0,0,0,0,0,0,0,0,0,0,0,0,0,0,0,0,0,0,0,0,0
DS24107,0,0,0,0,0,0,0,0,0,0,0,0,0,0,0,0,0,0,0,0,0,0,0,0,0,0,0,0,0,0,0,0,0,0,0,0,0,0,0,0,0,0,0,0,0,0,0
DS28107,0,0,0,0,0,0,0,0,0,0,0,0,0,0,0,0,0,0,0,0,0,0,0,0,0,0,0,0,0,0,0,0,0,0,0,0,0,0,0,0,0,0,0,0,0,0,0
DS29102,0,0,0,0,0,0,0,0,0,0,0,0,0,0,0,0,0,0,0,0,0,0,0,0,0,0,0,0,0,0,0,0,0,0,0,0,0,0,0,0,0,0,0,0,0,0,0
DS30139,0,0,0,0,0,0,0,0,0,0,0,0,0,0,0,0,0,0,0,0,0,0,0,0,0,0,0,0,0,0,0,0,0,0,0,0,0,0,0,0,0,0,0,0,0,0,0
DS4110,0,0,0,0,0,0,0,0,0,0,0,0,0,0,0,0,0,0,0,0,0,0,0,0,0,0,0,0,0,0,0,0,0,0,0,0,0,0,0,0,0,0,0,0,0,0,0
DS4207,0,0,0,0,0,0,0,0,0,0,0,0,0,0,0,0,0,0,0,0,0,0,0,0,0,0,0,0,0,0,0,0,0,0,0,0,0,0,0,0,0,0,0,0,0,0,0
DS5103,0,0,0,0,0,0,0,0,0,0,0,0,0,0,0,0,0,0,0,0,0,0,0,0,0,0,0,0,0,0,0,0,0,0,0,0,0,0,0,0,0,0,0,0,0,0,0
DS6102,0,0,0,0,0,0,0,0,0,0,0,0,0,0,0,0,0,0,0,0,0,0,0,0,0,0,0,0,0,0,0,0,0,0,0,0,0,0,0,0,0,0,0,0,0,0,0
DS8105,0,0,0,0,0,0,0,0,0,0,0,0,0,0,0,0,0,0,0,0,0,0,0,0,0,0,0,0,0,0,0,0,0,0,0,0,0,0,0,0,0,0,0,0,0,0,0
DS8137,0,0,0,0,0,0,0,0,0,0,0,0,0,0,0,0,0,0,0,0,0,0,0,0,0,0,0,0,0,0,0,0,0,0,0,0,0,0,0,0,0,0,0,0,0,0,0
DS8246,0,0,0,0,0,0,0,0,0,0,0,0,0,0,0,0,0,0,0,0,0,0,0,0,0,0,0,0,0,0,0,0,0,0,0,0,0,0,0,0,0,0,0,0,0,0,0
