DRUG,GENE,MUT,GRADE
Amikacin,eis,eis_c-14t,I
Amikacin,rrs,rrs_a1401g,R
Amikacin,rrs,rrs_c1402t,I
Amikacin,rrs,rrs_g1484t,R
Bedaquiline,atpE,atpE_E61D,I
Bedaquiline,pepQ,pepQ_299_indel,I
Bedaquiline,Rv0678,Rv0678_119_indel,I
Bedaquiline,Rv0678,Rv0678_132_indel,R
Bedaquiline,Rv0678,Rv0678_138_indel,I
Bedaquiline,Rv0678,Rv0678_141_indel,R
Bedaquiline,Rv0678,Rv0678_15_indel,I
Bedaquiline,Rv0678,Rv0678_192_indel,R
Bedaquiline,Rv0678,Rv0678_211_indel,I
Bedaquiline,Rv0678,Rv0678_234_indel,I
Bedaquiline,Rv0678,Rv0678_28_indel,I
Bedaquiline,Rv0678,Rv0678_29_indel,I
Bedaquiline,Rv0678,Rv0678_329_indel,I
Bedaquiline,Rv0678,Rv0678_C46R,I
Bedaquiline,Rv0678,Rv0678_I67S,I
Bedaquiline,Rv0678,Rv0678_L117R,R
Bedaquiline,Rv0678,Rv0678_L32S,I
Bedaquiline,Rv0678,Rv0678_M146T,I
Bedaquiline,Rv0678,Rv0678_N70D,I
Clofazimine,pepQ,pepQ_299_indel,I
Clofazimine,Rv0678,Rv0678_119_indel,I
Clofazimine,Rv0678,Rv0678_132_indel,I
Clofazimine,Rv0678,Rv0678_138_indel,I
Clofazimine,Rv0678,Rv0678_141_indel,R
Clofazimine,Rv0678,Rv0678_15_indel,I
Clofazimine,Rv0678,Rv0678_18_indel,I
Clofazimine,Rv0678,Rv0678_192_indel,I
Clofazimine,Rv0678,Rv0678_211_indel,I
Clofazimine,Rv0678,Rv0678_234_indel,I
Clofazimine,Rv0678,Rv0678_28_indel,I
Clofazimine,Rv0678,Rv0678_29_indel,I
Clofazimine,Rv0678,Rv0678_329_indel,I
Clofazimine,Rv0678,Rv0678_401_indel,I
Clofazimine,Rv0678,Rv0678_C46R,I
Clofazimine,Rv0678,Rv0678_I67S,I
Clofazimine,Rv0678,Rv0678_L117R,I
Clofazimine,Rv0678,Rv0678_L32S,I
Clofazimine,Rv0678,Rv0678_M146T,I
Clofazimine,Rv0678,Rv0678_N70D,I
Ethambutol,embB,embB_D328Y,R
Ethambutol,embB,embB_D354A,R
Ethambutol,embB,embB_G406A,R
Ethambutol,embB,embB_G406C,R
Ethambutol,embB,embB_G406D,R
Ethambutol,embB,embB_G406S,R
Ethambutol,embB,embB_M306I,R
Ethambutol,embB,embB_M306L,R
Ethambutol,embB,embB_M306V,R
Ethambutol,embB,embB_Q497K,R
Ethambutol,embB,embB_Q497R,R
Ethambutol,embB,embB_Y319C,R
Ethambutol,embB,embB_Y319S,R
Ethionamide,ethA,ethA_1035_indel,I
Ethionamide,ethA,ethA_1048_indel,I
Ethionamide,ethA,ethA_1055_indel,I
Ethionamide,ethA,ethA_1062_indel,I
Ethionamide,ethA,ethA_1106_indel,I
Ethionamide,ethA,ethA_113_indel,I
Ethionamide,ethA,ethA_1135_indel,I
Ethionamide,ethA,ethA_1150_indel,I
Ethionamide,ethA,ethA_1243_indel,I
Ethionamide,ethA,ethA_129_indel,I
Ethionamide,ethA,ethA_1308_indel,I
Ethionamide,ethA,ethA_1334_indel,I
Ethionamide,ethA,ethA_1344_indel,I
Ethionamide,ethA,ethA_1387_indel,I
Ethionamide,ethA,ethA_1392_indel,I
Ethionamide,ethA,ethA_1408_indel,I
Ethionamide,ethA,ethA_1432_indel,I
Ethionamide,ethA,ethA_1466_indel,I
Ethionamide,ethA,ethA_153_indel,I
Ethionamide,ethA,ethA_196_indel,I
Ethionamide,ethA,ethA_269_indel,I
Ethionamide,ethA,ethA_316_indel,I
Ethionamide,ethA,ethA_342_indel,I
Ethionamide,ethA,ethA_367_indel,I
Ethionamide,ethA,ethA_386_indel,I
Ethionamide,ethA,ethA_389_indel,I
Ethionamide,ethA,ethA_441_indel,I
Ethionamide,ethA,ethA_442_indel,I
Ethionamide,ethA,ethA_482_indel,I
Ethionamide,ethA,ethA_49_indel,I
Ethionamide,ethA,ethA_492_indel,I
Ethionamide,ethA,ethA_552_indel,I
Ethionamide,ethA,ethA_555_indel,I
Ethionamide,ethA,ethA_568_indel,I
Ethionamide,ethA,ethA_569_indel,I
Ethionamide,ethA,ethA_58_indel,I
Ethionamide,ethA,ethA_598_indel,I
Ethionamide,ethA,ethA_66_indel,I
Ethionamide,ethA,ethA_673_indel,I
Ethionamide,ethA,ethA_674_indel,I
Ethionamide,ethA,ethA_687_indel,I
Ethionamide,ethA,ethA_695_indel,I
Ethionamide,ethA,ethA_711_indel,I
Ethionamide,ethA,ethA_712_indel,I
Ethionamide,ethA,ethA_721_indel,I
Ethionamide,ethA,ethA_740_indel,I
Ethionamide,ethA,ethA_743_indel,I
Ethionamide,ethA,ethA_744_indel,I
Ethionamide,ethA,ethA_753_indel,I
Ethionamide,ethA,ethA_756_indel,I
Ethionamide,ethA,ethA_758_indel,I
Ethionamide,ethA,ethA_771_indel,I
Ethionamide,ethA,ethA_775_indel,I
Ethionamide,ethA,ethA_827_indel,I
Ethionamide,ethA,ethA_840_indel,I
Ethionamide,ethA,ethA_85_indel,I
Ethionamide,ethA,ethA_854_indel,I
Ethionamide,ethA,ethA_861_indel,I
Ethionamide,ethA,ethA_870_indel,I
Ethionamide,ethA,ethA_887_indel,I
Ethionamide,ethA,ethA_940_indel,I
Ethionamide,ethA,ethA_945_indel,I
Ethionamide,ethA,ethA_A341V,I
Ethionamide,ethA,ethA_C131!,I
Ethionamide,ethA,ethA_C253!,I
Ethionamide,ethA,ethA_C403Y,I
Ethionamide,ethA,ethA_L293!,I
Ethionamide,ethA,ethA_L35R,I
Ethionamide,ethA,ethA_M1R,I
Ethionamide,ethA,ethA_M1T,I
Ethionamide,ethA,ethA_M1X,R
Ethionamide,ethA,ethA_N379D,I
Ethionamide,ethA,ethA_Q206!,I
Ethionamide,ethA,ethA_Q246!,I
Ethionamide,ethA,ethA_Q269!,I
Ethionamide,ethA,ethA_Q347!,I
Ethionamide,ethA,ethA_R207G,R
Ethionamide,ethA,ethA_S197!,I
Ethionamide,ethA,ethA_S390F,I
Ethionamide,ethA,ethA_S399!,I
Ethionamide,ethA,ethA_S57Y,I
Ethionamide,ethA,ethA_t-7c,I
Ethionamide,ethA,ethA_T88I,I
Ethionamide,ethA,ethA_V202G,I
Ethionamide,ethA,ethA_W116!,I
Ethionamide,ethA,ethA_W21!,I
Ethionamide,ethA,ethA_W240!,I
Ethionamide,ethA,ethA_W256!,I
Ethionamide,ethA,ethA_W289!,I
Ethionamide,ethA,ethA_W391!,I
Ethionamide,ethA,ethA_W69!,I
Ethionamide,ethA,ethA_Y140!,I
Ethionamide,ethA,ethA_Y147!,I
Ethionamide,ethA,ethA_Y250!,I
Ethionamide,ethA,ethA_Y408!,I
Ethionamide,ethA,ethA_Y84!,I
Ethionamide,fabG1,fabG1_a-16g,I
Ethionamide,fabG1,fabG1_c-15t,R
Ethionamide,fabG1,fabG1_L203L,I
Ethionamide,fabG1,fabG1_t-8a,I
Ethionamide,fabG1,fabG1_t-8c,I
Ethionamide,inhA,inhA_g-779t,I
Ethionamide,inhA,inhA_S94A,I
Ethionamide,inhA,inhA_t-770g,I
Isoniazid,fabG1,fabG1_c-15t,R
Isoniazid,fabG1,fabG1_g-17t,I
Isoniazid,fabG1,fabG1_L203L,R
Isoniazid,fabG1,fabG1_t-8a,I
Isoniazid,fabG1,fabG1_t-8c,I
Isoniazid,fabG1,fabG1_t-8g,I
Isoniazid,inhA,inhA_S94A,I
Isoniazid,katG,katG_1145_indel,I
Isoniazid,katG,katG_1197_indel,I
Isoniazid,katG,katG_1285_indel,I
Isoniazid,katG,katG_1334_indel,I
Isoniazid,katG,katG_1433_indel,I
Isoniazid,katG,katG_1487_indel,I
Isoniazid,katG,katG_1553_indel,I
Isoniazid,katG,katG_1575_indel,I
Isoniazid,katG,katG_1603_indel,I
Isoniazid,katG,katG_1612_indel,I
Isoniazid,katG,katG_1677_indel,I
Isoniazid,katG,katG_1770_indel,I
Isoniazid,katG,katG_19_indel,I
Isoniazid,katG,katG_2084_indel,I
Isoniazid,katG,katG_23_indel,I
Isoniazid,katG,katG_293_indel,I
Isoniazid,katG,katG_372_indel,I
Isoniazid,katG,katG_530_indel,I
Isoniazid,katG,katG_603_indel,I
Isoniazid,katG,katG_M1X,R
Isoniazid,katG,katG_S315I,I
Isoniazid,katG,katG_S315N,R
Isoniazid,katG,katG_S315R,R
Isoniazid,katG,katG_S315T,R
Isoniazid,katG,katG_W149!,I
Isoniazid,katG,katG_W161!,I
Isoniazid,katG,katG_W198!,I
Isoniazid,katG,katG_W321!,I
Isoniazid,katG,katG_W328L,R
Isoniazid,katG,katG_W351!,I
Isoniazid,katG,katG_W412!,I
Isoniazid,katG,katG_W438!,I
Isoniazid,katG,katG_Y155!,I
Kanamycin,eis,eis_c-12t,R
Kanamycin,eis,eis_c-14t,R
Kanamycin,eis,eis_g-10a,R
Kanamycin,eis,eis_g-37t,R
Kanamycin,rrs,rrs_a1401g,R
Kanamycin,rrs,rrs_c1402t,I
Kanamycin,rrs,rrs_g1484t,R
Levofloxacin,gyrA,gyrA_A90V,R
Levofloxacin,gyrA,gyrA_D89N,R
Levofloxacin,gyrA,gyrA_D94A,R
Levofloxacin,gyrA,gyrA_D94G,R
Levofloxacin,gyrA,gyrA_D94H,R
Levofloxacin,gyrA,gyrA_D94N,R
Levofloxacin,gyrA,gyrA_D94Y,R
Levofloxacin,gyrA,gyrA_G88A,I
Levofloxacin,gyrA,gyrA_G88C,R
Levofloxacin,gyrA,gyrA_S91P,R
Levofloxacin,gyrB,gyrB_A504V,I
Levofloxacin,gyrB,gyrB_D461H,I
Levofloxacin,gyrB,gyrB_D461N,R
Levofloxacin,gyrB,gyrB_E501D,I
Levofloxacin,gyrB,gyrB_N499D,R
Levofloxacin,gyrB,gyrB_N499T,R
Levofloxacin,gyrB,gyrB_S447F,I
Linezolid,rplC,rplC_C154R,R
Linezolid,rrl,rrl_g2270t,I
Moxifloxacin,gyrA,gyrA_A90V,R
Moxifloxacin,gyrA,gyrA_D89N,R
Moxifloxacin,gyrA,gyrA_D94A,R
Moxifloxacin,gyrA,gyrA_D94G,R
Moxifloxacin,gyrA,gyrA_D94H,R
Moxifloxacin,gyrA,gyrA_D94N,R
Moxifloxacin,gyrA,gyrA_D94Y,R
Moxifloxacin,gyrA,gyrA_G88A,I
Moxifloxacin,gyrA,gyrA_G88C,R
Moxifloxacin,gyrA,gyrA_S91P,R
Moxifloxacin,gyrB,gyrB_A504V,I
Moxifloxacin,gyrB,gyrB_D461H,I
Moxifloxacin,gyrB,gyrB_D461N,I
Moxifloxacin,gyrB,gyrB_E501D,R
Moxifloxacin,gyrB,gyrB_N499D,I
Moxifloxacin,gyrB,gyrB_N499T,I
Moxifloxacin,gyrB,gyrB_S447F,I
Rifampicin,rpoB,rpoB_1276_indel,I
Rifampicin,rpoB,rpoB_1288_indel,I
Rifampicin,rpoB,rpoB_A451V,I
Rifampicin,rpoB,rpoB_D435A,I
Rifampicin,rpoB,rpoB_D435E,I
Rifampicin,rpoB,rpoB_D435F,R
Rifampicin,rpoB,rpoB_D435G,I
Rifampicin,rpoB,rpoB_D435H,I
Rifampicin,rpoB,rpoB_D435L,I
Rifampicin,rpoB,rpoB_D435V,R
Rifampicin,rpoB,rpoB_D435Y,R
Rifampicin,rpoB,rpoB_H445C,R
Rifampicin,rpoB,rpoB_H445D,R
Rifampicin,rpoB,rpoB_H445F,I
Rifampicin,rpoB,rpoB_H445G,I
Rifampicin,rpoB,rpoB_H445L,R
Rifampicin,rpoB,rpoB_H445N,R
Rifampicin,rpoB,rpoB_H445P,I
Rifampicin,rpoB,rpoB_H445Q,I
Rifampicin,rpoB,rpoB_H445R,R
Rifampicin,rpoB,rpoB_H445S,R
Rifampicin,rpoB,rpoB_H445Y,R
Rifampicin,rpoB,rpoB_I491F,R
Rifampicin,rpoB,rpoB_K446Q,I
Rifampicin,rpoB,rpoB_K446R,I
Rifampicin,rpoB,rpoB_L430P,R
Rifampicin,rpoB,rpoB_L430R,I
Rifampicin,rpoB,rpoB_L449M,I
Rifampicin,rpoB,rpoB_L452P,R
Rifampicin,rpoB,rpoB_M434I,I
Rifampicin,rpoB,rpoB_N437D,I
Rifampicin,rpoB,rpoB_N437H,I
Rifampicin,rpoB,rpoB_N437I,I
Rifampicin,rpoB,rpoB_N437S,I
Rifampicin,rpoB,rpoB_Q429H,I
Rifampicin,rpoB,rpoB_Q429L,I
Rifampicin,rpoB,rpoB_Q429P,I
Rifampicin,rpoB,rpoB_Q432H,I
Rifampicin,rpoB,rpoB_Q432K,R
Rifampicin,rpoB,rpoB_Q432L,R
Rifampicin,rpoB,rpoB_Q432P,R
Rifampicin,rpoB,rpoB_R448Q,I
Rifampicin,rpoB,rpoB_S428G,I
Rifampicin,rpoB,rpoB_S428T,I
Rifampicin,rpoB,rpoB_S431R,I
Rifampicin,rpoB,rpoB_S441L,R
Rifampicin,rpoB,rpoB_S441V,I
Rifampicin,rpoB,rpoB_S450A,I
Rifampicin,rpoB,rpoB_S450F,R
Rifampicin,rpoB,rpoB_S450L,R
Rifampicin,rpoB,rpoB_S450M,I
Rifampicin,rpoB,rpoB_S450Q,I
Rifampicin,rpoB,rpoB_S450V,I
Rifampicin,rpoB,rpoB_S450W,R
Rifampicin,rpoB,rpoB_T427A,I
Rifampicin,rpoB,rpoB_T427I,I
Rifampicin,rpoB,rpoB_T427N,I
Rifampicin,rpoB,rpoB_T444I,I
Rifampicin,rpoB,rpoB_V170F,R
Delamanid,ddn,ddn_L49P,I
Delamanid,ddn,ddn_W139!,I
Delamanid,ddn,ddn_W20!,I
Delamanid,ddn,ddn_W88!,I
Delamanid,ddn,ddn_91_indel,I
Delamanid,ddn,ddn_266_indel,I
Delamanid,ddn,ddn_306_indel,I
Delamanid,fbiC,fbiC_1458_indel,I
Delamanid,fbiC,fbiC_2546_indel,I
Delamanid,Rv2983,Rv2983_570_indel,I
